Group,category,type,Group_full,,,
Mixed Species Group (Exclusive),15,Upsweep,msg,,,
Mixed Species Group (Exclusive),25,Convex,msg,,,
Mixed Species Group (Exclusive),27,Upsweep,msg,,,
Mixed Species Group (Exclusive),33,Sine,msg,,,
Mixed Species Group (Exclusive),37,Sine,msg,,,
Mixed Species Group (Exclusive),38,Sine,msg,,,
Mixed Species Group (Exclusive),49,Sine,msg,,,
Mixed Species Group (Exclusive),51,Sine,msg,,,
Mixed Species Group (Exclusive),57,Upsweep,msg,,,
Mixed Species Group (Exclusive),59,Upsweep,msg,,,
Mixed Species Group (Exclusive),65,Upsweep,msg,,,
Mixed Species Group (Exclusive),66,Upsweep,msg,,,
Mixed Species Group (Exclusive),70,Sine,msg,,,
Mixed Species Group (Exclusive),79,Sine,msg,,,
Mixed Species Group (Exclusive),80,Sine,msg,,,
Mixed Species Group (Exclusive),87,Convex,msg,,,
Mixed Species Group (Exclusive),89,Sine,msg,,,
Mixed Species Group (Exclusive),100,Sine,msg,,,
Mixed Species Group (Exclusive),102,Sine,msg,,,
Mixed Species Group (Exclusive),118,Upsweep,msg,,,
Mixed Species Group (Exclusive),123,Upsweep,msg,,,
Mixed Species Group (Exclusive),128,Sine,msg,,,
Mixed Species Group (Exclusive),130,Sine,msg,,,
Mixed Species Group (Exclusive),133,Sine,msg,,,
Mixed Species Group (Exclusive),137,Convex,msg,,,
Mixed Species Group (Exclusive),138,Upsweep,msg,,,
Mixed Species Group (Exclusive),144,Upsweep,msg,,,
Mixed Species Group (Exclusive),151,Sine,msg,,,
Mixed Species Group (Exclusive),160,Downsweep,msg,,,
Mixed Species Group (Exclusive),169,Sine,msg,,,
Mixed Species Group (Exclusive),172,Sine,msg,,,
Mixed Species Group (Exclusive),177,Concave,msg,,,
Mixed Species Group (Exclusive),180,Sine,msg,,,
Mixed Species Group (Exclusive),181,Sine,msg,,,
Mixed Species Group (Exclusive),182,Convex,msg,,,
Mixed Species Group (Exclusive),193,Sine,msg,,,
Mixed Species Group (Exclusive),194,Sine,msg,,,
Mixed Species Group (Exclusive),196,Convex,msg,,,
Mixed Species Group (Exclusive),198,Sine,msg,,,
Mixed Species Group (Exclusive),200,Upsweep,msg,,,
Mixed Species Group (Exclusive),201,Sine,msg,,,
Mixed Species Group (Exclusive),207,Upsweep,msg,,,
Mixed Species Group (Exclusive),213,Sine,msg,,,
Mixed Species Group (Exclusive),219,Sine,msg,,,
Mixed Species Group (Exclusive),229,Upsweep,msg,,,
Mixed Species Group (Exclusive),233,Sine,msg,,,
Mixed Species Group (Exclusive),234,Upsweep,msg,,,
Mixed Species Group (Exclusive),236,Upsweep,msg,,,
Mixed Species Group (Exclusive),239,Upsweep,msg,,,
Mixed Species Group (Exclusive),247,Sine,msg,,,
Mixed Species Group (Exclusive),250,Upsweep,msg,,,
Mixed Species Group (Exclusive),255,Downsweep,msg,,,
Mixed Species Group (Exclusive),256,Convex,msg,,,
Mixed Species Group (Exclusive),259,Upsweep,msg,,,
Mixed Species Group (Exclusive),273,Downsweep,msg,,,
Mixed Species Group (Exclusive),282,Upsweep,msg,,,
Mixed Species Group (Exclusive),284,Sine,msg,,,
Mixed Species Group (Exclusive),285,Sine,msg,,,
Mixed Species Group (Exclusive),293,Sine,msg,,,
Mixed Species Group (Exclusive),297,Sine,msg,,,
Mixed Species Group (Exclusive),299,Upsweep,msg,,,
Mixed Species Group (Exclusive),300,Sine,msg,,,
Mixed Species Group (Exclusive),305,Convex,msg,,,
Mixed Species Group (Exclusive),311,Upsweep,msg,,,
Mixed Species Group (Exclusive),315,Sine,msg,,,
Mixed Species Group (Exclusive),320,Upsweep,msg,,,
Mixed Species Group (Exclusive),326,Convex,msg,,,
Mixed Species Group (Exclusive),333,Concave,msg,,,
Mixed Species Group (Exclusive),336,Upsweep,msg,,,
Mixed Species Group (Exclusive),337,Downsweep,msg,,,
Mixed Species Group (Exclusive),343,Upsweep,msg,,,
Mixed Species Group (Exclusive),346,Concave,msg,,,
Mixed Species Group (Exclusive),348,Sine,msg,,,
Mixed Species Group (Exclusive),349,Upsweep,msg,,,
Mixed Species Group (Exclusive),354,Sine,msg,,,
Mixed Species Group (Exclusive),360,Upsweep,msg,,,
Mixed Species Group (Exclusive),361,Sine,msg,,,
Mixed Species Group (Exclusive),364,Upsweep,msg,,,
Mixed Species Group (Exclusive),365,Upsweep,msg,,,
Mixed Species Group (Exclusive),366,Sine,msg,,,
Mixed Species Group (Exclusive),377,Upsweep,msg,,,
Mixed Species Group (Exclusive),379,Sine,msg,,,
Mixed Species Group (Exclusive),384,Sine,msg,,,
Mixed Species Group (Exclusive),389,Sine,msg,,,
Mixed Species Group (Exclusive),417,Upsweep,msg,,,
Mixed Species Group (Exclusive),418,Sine,msg,,,
Mixed Species Group (Exclusive),422,Upsweep,msg,,,
Mixed Species Group (Exclusive),428,Sine,msg,,,
Mixed Species Group (Exclusive),433,Upsweep,msg,,,
Mixed Species Group (Exclusive),438,Sine,msg,,,
Mixed Species Group (Exclusive),442,Sine,msg,,,
Mixed Species Group (Exclusive),444,Sine,msg,,,
Mixed Species Group (Exclusive),446,Sine,msg,,,
Mixed Species Group (Exclusive),448,Upsweep,msg,,,
Mixed Species Group (Exclusive),453,Upsweep,msg,,,
Mixed Species Group (Exclusive),455,Sine,msg,,,
Mixed Species Group (Exclusive),457,Sine,msg,,,
Mixed Species Group (Exclusive),463,Upsweep,msg,,,
Mixed Species Group (Exclusive),466,Sine,msg,,,
Mixed Species Group (Exclusive),467,Upsweep,msg,,,
Mixed Species Group (Exclusive),469,Sine,msg,,,
Mixed Species Group (Exclusive),470,Sine,msg,,,
Mixed Species Group (Exclusive),471,Sine,msg,,,
Mixed Species Group (Exclusive),478,Upsweep,msg,,,
Mixed Species Group (Exclusive),481,Sine,msg,,,
Mixed Species Group (Exclusive),492,Concave,msg,,,
Mixed Species Group (Exclusive),493,Sine,msg,,,
Mixed Species Group (Exclusive),496,Sine,msg,,,
Mixed Species Group (Exclusive),510,Upsweep,msg,,,
Mixed Species Group (Exclusive),512,Upsweep,msg,,,
Mixed Species Group (Exclusive),514,Downsweep,msg,,,
Mixed Species Group (Exclusive),515,Concave,msg,,,
Mixed Species Group (Exclusive),517,Downsweep,msg,,,
Mixed Species Group (Exclusive),518,Upsweep,msg,,,
Mixed Species Group (Exclusive),520,Concave,msg,,,
Mixed Species Group (Exclusive),528,Concave,msg,,,
Mixed Species Group (Exclusive),532,Sine,msg,,,
Mixed Species Group (Exclusive),533,Upsweep,msg,,,
Mixed Species Group (Exclusive),534,Sine,msg,,,
Mixed Species Group (Exclusive),535,Upsweep,msg,,,
Mixed Species Group (Exclusive),536,Sine,msg,,,
Mixed Species Group (Exclusive),537,Sine,msg,,,
Mixed Species Group (Exclusive),539,Sine,msg,,,
Mixed Species Group (Exclusive),542,Sine,msg,,,
Mixed Species Group (Exclusive),545,Upsweep,msg,,,
Mixed Species Group (Exclusive),548,Upsweep,msg,,,
Mixed Species Group (Exclusive),554,Downsweep,msg,,,
Mixed Species Group (Exclusive),555,Sine,msg,,,
Mixed Species Group (Exclusive),559,Sine,msg,,,
Mixed Species Group (Exclusive),573,Upsweep,msg,,,
Mixed Species Group (Exclusive),574,Sine,msg,,,
Mixed Species Group (Exclusive),575,Concave,msg,,,
Mixed Species Group (Exclusive),581,Sine,msg,,,
Mixed Species Group (Exclusive),590,Sine,msg,,,
Mixed Species Group (Exclusive),597,Upsweep,msg,,,
Mixed Species Group (Exclusive),612,Sine,msg,,,
Mixed Species Group (Exclusive),616,Sine,msg,,,
Mixed Species Group (Exclusive),619,Sine,msg,,,
Mixed Species Group (Exclusive),632,Sine,msg,,,
Mixed Species Group (Exclusive),634,Upsweep,msg,,,
Mixed Species Group (Exclusive),636,Upsweep,msg,,,
Mixed Species Group (Exclusive),638,Upsweep,msg,,,
Mixed Species Group (Exclusive),644,Sine,msg,,,
Mixed Species Group (Exclusive),646,Upsweep,msg,,,
Mixed Species Group (Exclusive),649,Downsweep,msg,,,
Mixed Species Group (Exclusive),650,Upsweep,msg,,,
Mixed Species Group (Exclusive),656,Upsweep,msg,,,
Mixed Species Group (Exclusive),657,Upsweep,msg,,,
Mixed Species Group (Exclusive),660,Upsweep,msg,,,
Mixed Species Group (Exclusive),670,Concave,msg,,,
Mixed Species Group (Exclusive),672,Upsweep,msg,,,
Mixed Species Group (Exclusive),674,Sine,msg,,,
Mixed Species Group (Exclusive),679,Upsweep,msg,,,
Mixed Species Group (Exclusive),682,Upsweep,msg,,,
Mixed Species Group (Exclusive),685,Sine,msg,,,
Mixed Species Group (Exclusive),691,Concave,msg,,,
Mixed Species Group (Exclusive),692,Sine,msg,,,
Mixed Species Group (Exclusive),695,Sine,msg,,,
Mixed Species Group (Exclusive),702,Sine,msg,,,
Mixed Species Group (Exclusive),713,Sine,msg,,,
Mixed Species Group (Exclusive),715,Concave,msg,,,
Mixed Species Group (Exclusive),718,Sine,msg,,,
Mixed Species Group (Exclusive),722,Sine,msg,,,
Mixed Species Group (Exclusive),724,Downsweep,msg,,,
Mixed Species Group (Exclusive),725,Sine,msg,,,
Mixed Species Group (Exclusive),727,Sine,msg,,,
Mixed Species Group (Exclusive),729,Sine,msg,,,
Mixed Species Group (Exclusive),730,Sine,msg,,,
Mixed Species Group (Exclusive),737,Upsweep,msg,,,
Mixed Species Group (Exclusive),739,Sine,msg,,,
Mixed Species Group (Exclusive),740,Concave,msg,,,
Mixed Species Group (Exclusive),741,Sine,msg,,,
Mixed Species Group (Exclusive),743,Convex,msg,,,
Mixed Species Group (Exclusive),745,Downsweep,msg,,,
Mixed Species Group (Exclusive),748,Upsweep,msg,,,
Mixed Species Group (Exclusive),750,Sine,msg,,,
Mixed Species Group (Exclusive),751,Sine,msg,,,
Mixed Species Group (Exclusive),755,Sine,msg,,,
Mixed Species Group (Exclusive),760,Sine,msg,,,
Mixed Species Group (Exclusive),761,Downsweep,msg,,,
Mixed Species Group (Exclusive),762,Concave,msg,,,
Mixed Species Group (Exclusive),764,Concave,msg,,,
Mixed Species Group (Exclusive),766,Sine,msg,,,
Mixed Species Group (Exclusive),767,Sine,msg,,,
Mixed Species Group (Exclusive),769,Upsweep,msg,,,
Mixed Species Group (Exclusive),770,Sine,msg,,,
Mixed Species Group (Exclusive),771,Convex,msg,,,
Mixed Species Group (Exclusive),775,Downsweep,msg,,,
Mixed Species Group (Exclusive),776,Upsweep,msg,,,
Mixed Species Group (Exclusive),778,Sine,msg,,,
Mixed Species Group (Exclusive),779,Sine,msg,,,
Mixed Species Group (Exclusive),781,Sine,msg,,,
Mixed Species Group (Exclusive),792,Sine,msg,,,
Mixed Species Group (Exclusive),793,Convex,msg,,,
Mixed Species Group (Exclusive),800,Sine,msg,,,
Mixed Species Group (Exclusive),803,Upsweep,msg,,,
Mixed Species Group (Exclusive),809,Sine,msg,,,
Mixed Species Group (Exclusive),811,Sine,msg,,,
Mixed Species Group (Exclusive),812,Sine,msg,,,
Mixed Species Group (Exclusive),813,Sine,msg,,,
Mixed Species Group (Exclusive),815,Sine,msg,,,
Mixed Species Group (Exclusive),816,Sine,msg,,,
Mixed Species Group (Exclusive),818,Sine,msg,,,
Mixed Species Group (Exclusive),823,Sine,msg,,,
Mixed Species Group (Exclusive),825,Sine,msg,,,
Mixed Species Group (Exclusive),827,Sine,msg,,,
Mixed Species Group (Exclusive),828,Downsweep,msg,,,
Mixed Species Group (Exclusive),837,Upsweep,msg,,,
Mixed Species Group (Exclusive),840,Upsweep,msg,,,
Mixed Species Group (Exclusive),845,Upsweep,msg,,,
Mixed Species Group (Exclusive),846,Sine,msg,,,
Mixed Species Group (Exclusive),847,Sine,msg,,,
Mixed Species Group (Exclusive),850,Sine,msg,,,
Mixed Species Group (Exclusive),853,Constant,msg,,,
Mixed Species Group (Exclusive),855,Sine,msg,,,
Mixed Species Group (Exclusive),856,Convex,msg,,,
Mixed Species Group (Exclusive),858,Convex,msg,,,
Mixed Species Group (Exclusive),859,Upsweep,msg,,,
Mixed Species Group (Exclusive),860,Upsweep,msg,,,
Mixed Species Group (Exclusive),861,Upsweep,msg,,,
Mixed Species Group (Exclusive),864,Sine,msg,,,
Mixed Species Group (Exclusive),868,Upsweep,msg,,,
Mixed Species Group (Exclusive),869,Upsweep,msg,,,
Mixed Species Group (Exclusive),875,Sine,msg,,,
Mixed Species Group (Exclusive),878,Upsweep,msg,,,
Mixed Species Group (Exclusive),881,Upsweep,msg,,,
Mixed Species Group (Exclusive),882,Concave,msg,,,
Mixed Species Group (Exclusive),899,Upsweep,msg,,,
Mixed Species Group (Exclusive),904,Downsweep,msg,,,
Mixed Species Group (Exclusive),906,Upsweep,msg,,,
Mixed Species Group (Exclusive),911,Upsweep,msg,,,
Mixed Species Group (Exclusive),915,Concave,msg,,,
Mixed Species Group (Exclusive),916,Upsweep,msg,,,
Mixed Species Group (Exclusive),917,Sine,msg,,,
Mixed Species Group (Exclusive),918,Upsweep,msg,,,
Mixed Species Group (Exclusive),922,Upsweep,msg,,,
Mixed Species Group (Exclusive),929,Upsweep,msg,,,
Mixed Species Group (Exclusive),948,Upsweep,msg,,,
Mixed Species Group (Exclusive),958,Upsweep,msg,,,
Mixed Species Group (Exclusive),969,Upsweep,msg,,,
Mixed Species Group (Exclusive),1008,Upsweep,msg,,,
Mixed Species Group (Exclusive),1018,Constant,msg,,,
Mixed Species Group (Exclusive),1020,Convex,msg,,,
Mixed Species Group (Exclusive),1022,Upsweep,msg,,,
Mixed Species Group (Exclusive),1031,Upsweep,msg,,,
Mixed Species Group (Exclusive),1053,Upsweep,msg,,,
Mixed Species Group (Exclusive),1086,Upsweep,msg,,,
Mixed Species Group (Exclusive),1091,Upsweep,msg,,,
Mixed Species Group (Exclusive),1093,Downsweep,msg,,,
Mixed Species Group (Exclusive),1129,Convex,msg,,,
Mixed Species Group (Exclusive),1167,Upsweep,msg,,,
Mixed Species Group (Exclusive),1169,Upsweep,msg,,,
Mixed Species Group (Exclusive),1190,Upsweep,msg,,,
Mixed Species Group (Exclusive),1208,Upsweep,msg,,,
Mixed Species Group (Exclusive),1221,Upsweep,msg,,,
Mixed Species Group (Exclusive),1223,Upsweep,msg,,,
Mixed Species Group (Exclusive),1233,Upsweep,msg,,,
Mixed Species Group (Exclusive),1268,Upsweep,msg,,,
Mixed Species Group (Exclusive),1272,Upsweep,msg,,,
Mixed Species Group (Exclusive),1278,Upsweep,msg,,,
Mixed Species Group (Exclusive),1284,Upsweep,msg,,,
Mixed Species Group (Exclusive),1287,Upsweep,msg,,,
Mixed Species Group (Exclusive),1289,Upsweep,msg,,,
Mixed Species Group (Exclusive),1360,Upsweep,msg,,,
Mixed Species Group (Exclusive),1377,Upsweep,msg,,,
Mixed Species Group (Exclusive),1449,Upsweep,msg,,,
Mixed Species Group (Exclusive),1459,Upsweep,msg,,,
Mixed Species Group (Exclusive),1554,Upsweep,msg,,,
Mixed Species Group (Exclusive),1575,Upsweep,msg,,,
Mixed Species Group (Exclusive),1609,Upsweep,msg,,,
Mixed Species Group (Exclusive),1710,Upsweep,msg,,,
Mixed Species Group (Exclusive),1833,Upsweep,msg,,,
Mixed Species Group (Exclusive),1887,Upsweep,msg,,,
Mixed Species Group (Exclusive),1891,Upsweep,msg,,,
Mixed Species Group (Exclusive),1902,Upsweep,msg,,,
Mixed Species Group (Exclusive),1923,Upsweep,msg,,,
Guiana Dolphin Single Species Group (Exclusive),12,Concave,sg,,,13
Guiana Dolphin Single Species Group (Exclusive),21,Upsweep,sg,,,0.048507463
Guiana Dolphin Single Species Group (Exclusive),26,Upsweep,sg,,,
Guiana Dolphin Single Species Group (Exclusive),30,Upsweep,sg,,,
Guiana Dolphin Single Species Group (Exclusive),34,Constant,sg,,,
Guiana Dolphin Single Species Group (Exclusive),42,Upsweep,sg,,,
Guiana Dolphin Single Species Group (Exclusive),53,Upsweep,sg,,,
Guiana Dolphin Single Species Group (Exclusive),54,Convex,sg,,,
Guiana Dolphin Single Species Group (Exclusive),56,Upsweep,sg,,,
Guiana Dolphin Single Species Group (Exclusive),61,Upsweep,sg,,,
Guiana Dolphin Single Species Group (Exclusive),64,Upsweep,sg,,,
Guiana Dolphin Single Species Group (Exclusive),68,Upsweep,sg,,,
Guiana Dolphin Single Species Group (Exclusive),86,Upsweep,sg,,,
Guiana Dolphin Single Species Group (Exclusive),109,Upsweep,sg,,,
Guiana Dolphin Single Species Group (Exclusive),116,Sine,sg,,,
Guiana Dolphin Single Species Group (Exclusive),132,Downsweep,sg,,,
Guiana Dolphin Single Species Group (Exclusive),136,Upsweep,sg,,,
Guiana Dolphin Single Species Group (Exclusive),140,Upsweep,sg,,,
Guiana Dolphin Single Species Group (Exclusive),142,Upsweep,sg,,,
Guiana Dolphin Single Species Group (Exclusive),145,Upsweep,sg,,,
Guiana Dolphin Single Species Group (Exclusive),159,Upsweep,sg,,,
Guiana Dolphin Single Species Group (Exclusive),175,Sine,sg,,,
Guiana Dolphin Single Species Group (Exclusive),179,Sine,sg,,,
Guiana Dolphin Single Species Group (Exclusive),187,Convex,sg,,,
Guiana Dolphin Single Species Group (Exclusive),199,Upsweep,sg,,,
Guiana Dolphin Single Species Group (Exclusive),209,Upsweep,sg,,,
Guiana Dolphin Single Species Group (Exclusive),218,Convex,sg,,,
Guiana Dolphin Single Species Group (Exclusive),221,Upsweep,sg,,,
Guiana Dolphin Single Species Group (Exclusive),225,Downsweep,sg,,,
Guiana Dolphin Single Species Group (Exclusive),227,Upsweep,sg,,,
Guiana Dolphin Single Species Group (Exclusive),238,Upsweep,sg,,,
Guiana Dolphin Single Species Group (Exclusive),240,Upsweep,sg,,,
Guiana Dolphin Single Species Group (Exclusive),249,Upsweep,sg,,,
Guiana Dolphin Single Species Group (Exclusive),266,Upsweep,sg,,,
Guiana Dolphin Single Species Group (Exclusive),270,Upsweep,sg,,,
Guiana Dolphin Single Species Group (Exclusive),277,Upsweep,sg,,,
Guiana Dolphin Single Species Group (Exclusive),280,Upsweep,sg,,,
Guiana Dolphin Single Species Group (Exclusive),286,Sine,sg,,,
Guiana Dolphin Single Species Group (Exclusive),291,Upsweep,sg,,,
Guiana Dolphin Single Species Group (Exclusive),292,Upsweep,sg,,,
Guiana Dolphin Single Species Group (Exclusive),298,Upsweep,sg,,,
Guiana Dolphin Single Species Group (Exclusive),301,Convex,sg,,,
Guiana Dolphin Single Species Group (Exclusive),322,Constant,sg,,,
Guiana Dolphin Single Species Group (Exclusive),327,Downsweep,sg,,,
Guiana Dolphin Single Species Group (Exclusive),339,Convex,sg,,,
Guiana Dolphin Single Species Group (Exclusive),340,Upsweep,sg,,,
Guiana Dolphin Single Species Group (Exclusive),341,Downsweep,sg,,,
Guiana Dolphin Single Species Group (Exclusive),347,Upsweep,sg,,,
Guiana Dolphin Single Species Group (Exclusive),368,Upsweep,sg,,,
Guiana Dolphin Single Species Group (Exclusive),378,Upsweep,sg,,,
Guiana Dolphin Single Species Group (Exclusive),387,Upsweep,sg,,,
Guiana Dolphin Single Species Group (Exclusive),400,Convex,sg,,,
Guiana Dolphin Single Species Group (Exclusive),405,Upsweep,sg,,,
Guiana Dolphin Single Species Group (Exclusive),414,Upsweep,sg,,,
Guiana Dolphin Single Species Group (Exclusive),430,Upsweep,sg,,,
Guiana Dolphin Single Species Group (Exclusive),440,Upsweep,sg,,,
Guiana Dolphin Single Species Group (Exclusive),443,Upsweep,sg,,,
Guiana Dolphin Single Species Group (Exclusive),447,Upsweep,sg,,,
Guiana Dolphin Single Species Group (Exclusive),450,Downsweep,sg,,,
Guiana Dolphin Single Species Group (Exclusive),451,Sine,sg,,,
Guiana Dolphin Single Species Group (Exclusive),460,Convex,sg,,,
Guiana Dolphin Single Species Group (Exclusive),474,Upsweep,sg,,,
Guiana Dolphin Single Species Group (Exclusive),477,Upsweep,sg,,,
Guiana Dolphin Single Species Group (Exclusive),484,Upsweep,sg,,,
Guiana Dolphin Single Species Group (Exclusive),498,Concave,sg,,,
Guiana Dolphin Single Species Group (Exclusive),501,Downsweep,sg,,,
Guiana Dolphin Single Species Group (Exclusive),504,Sine,sg,,,
Guiana Dolphin Single Species Group (Exclusive),506,Upsweep,sg,,,
Guiana Dolphin Single Species Group (Exclusive),507,Sine,sg,,,
Guiana Dolphin Single Species Group (Exclusive),508,Downsweep,sg,,,
Guiana Dolphin Single Species Group (Exclusive),522,Upsweep,sg,,,
Guiana Dolphin Single Species Group (Exclusive),525,Upsweep,sg,,,
Guiana Dolphin Single Species Group (Exclusive),529,Sine,sg,,,
Guiana Dolphin Single Species Group (Exclusive),540,Sine,sg,,,
Guiana Dolphin Single Species Group (Exclusive),544,Sine,sg,,,
Guiana Dolphin Single Species Group (Exclusive),551,Upsweep,sg,,,
Guiana Dolphin Single Species Group (Exclusive),557,Upsweep,sg,,,
Guiana Dolphin Single Species Group (Exclusive),560,Upsweep,sg,,,
Guiana Dolphin Single Species Group (Exclusive),563,Upsweep,sg,,,
Guiana Dolphin Single Species Group (Exclusive),569,Upsweep,sg,,,
Guiana Dolphin Single Species Group (Exclusive),570,Convex,sg,,,
Guiana Dolphin Single Species Group (Exclusive),571,Upsweep,sg,,,
Guiana Dolphin Single Species Group (Exclusive),577,Downsweep,sg,,,
Guiana Dolphin Single Species Group (Exclusive),578,Upsweep,sg,,,
Guiana Dolphin Single Species Group (Exclusive),582,Convex,sg,,,
Guiana Dolphin Single Species Group (Exclusive),592,Sine,sg,,,
Guiana Dolphin Single Species Group (Exclusive),593,Concave,sg,,,
Guiana Dolphin Single Species Group (Exclusive),596,Upsweep,sg,,,
Guiana Dolphin Single Species Group (Exclusive),600,Downsweep,sg,,,
Guiana Dolphin Single Species Group (Exclusive),604,Upsweep,sg,,,
Guiana Dolphin Single Species Group (Exclusive),606,Upsweep,sg,,,
Guiana Dolphin Single Species Group (Exclusive),609,Concave,sg,,,
Guiana Dolphin Single Species Group (Exclusive),611,Sine,sg,,,
Guiana Dolphin Single Species Group (Exclusive),613,Upsweep,sg,,,
Guiana Dolphin Single Species Group (Exclusive),615,Upsweep,sg,,,
Guiana Dolphin Single Species Group (Exclusive),617,Upsweep,sg,,,
Guiana Dolphin Single Species Group (Exclusive),618,Upsweep,sg,,,
Guiana Dolphin Single Species Group (Exclusive),620,Convex,sg,,,
Guiana Dolphin Single Species Group (Exclusive),625,Downsweep,sg,,,
Guiana Dolphin Single Species Group (Exclusive),629,Downsweep,sg,,,
Guiana Dolphin Single Species Group (Exclusive),642,Downsweep,sg,,,
Guiana Dolphin Single Species Group (Exclusive),647,Convex,sg,,,
Guiana Dolphin Single Species Group (Exclusive),651,Upsweep,sg,,,
Guiana Dolphin Single Species Group (Exclusive),654,Concave,sg,,,
Guiana Dolphin Single Species Group (Exclusive),659,Upsweep,sg,,,
Guiana Dolphin Single Species Group (Exclusive),661,Upsweep,sg,,,
Guiana Dolphin Single Species Group (Exclusive),663,Sine,sg,,,
Guiana Dolphin Single Species Group (Exclusive),665,Concave,sg,,,
Guiana Dolphin Single Species Group (Exclusive),680,Sine,sg,,,
Guiana Dolphin Single Species Group (Exclusive),683,Upsweep,sg,,,
Guiana Dolphin Single Species Group (Exclusive),686,Upsweep,sg,,,
Guiana Dolphin Single Species Group (Exclusive),688,Convex,sg,,,
Guiana Dolphin Single Species Group (Exclusive),690,Concave,sg,,,
Guiana Dolphin Single Species Group (Exclusive),696,Upsweep,sg,,,
Guiana Dolphin Single Species Group (Exclusive),709,Upsweep,sg,,,
Guiana Dolphin Single Species Group (Exclusive),710,Upsweep,sg,,,
Guiana Dolphin Single Species Group (Exclusive),716,Upsweep,sg,,,
Guiana Dolphin Single Species Group (Exclusive),717,Sine,sg,,,
Guiana Dolphin Single Species Group (Exclusive),731,Upsweep,sg,,,
Guiana Dolphin Single Species Group (Exclusive),733,Upsweep,sg,,,
Guiana Dolphin Single Species Group (Exclusive),742,Upsweep,sg,,,
Guiana Dolphin Single Species Group (Exclusive),744,Upsweep,sg,,,
Guiana Dolphin Single Species Group (Exclusive),749,Upsweep,sg,,,
Guiana Dolphin Single Species Group (Exclusive),758,Sine,sg,,,
Guiana Dolphin Single Species Group (Exclusive),759,Convex,sg,,,
Guiana Dolphin Single Species Group (Exclusive),768,Upsweep,sg,,,
Guiana Dolphin Single Species Group (Exclusive),777,Concave,sg,,,
Guiana Dolphin Single Species Group (Exclusive),780,Upsweep,sg,,,
Guiana Dolphin Single Species Group (Exclusive),783,Upsweep,sg,,,
Guiana Dolphin Single Species Group (Exclusive),785,Upsweep,sg,,,
Guiana Dolphin Single Species Group (Exclusive),786,Upsweep,sg,,,
Guiana Dolphin Single Species Group (Exclusive),787,Upsweep,sg,,,
Guiana Dolphin Single Species Group (Exclusive),790,Sine,sg,,,
Guiana Dolphin Single Species Group (Exclusive),791,Sine,sg,,,
Guiana Dolphin Single Species Group (Exclusive),802,Sine,sg,,,
Guiana Dolphin Single Species Group (Exclusive),810,Concave,sg,,,
Guiana Dolphin Single Species Group (Exclusive),820,Convex,sg,,,
Guiana Dolphin Single Species Group (Exclusive),821,Downsweep,sg,,,
Guiana Dolphin Single Species Group (Exclusive),824,Convex,sg,,,
Guiana Dolphin Single Species Group (Exclusive),832,Upsweep,sg,,,
Guiana Dolphin Single Species Group (Exclusive),843,Upsweep,sg,,,
Guiana Dolphin Single Species Group (Exclusive),848,Downsweep,sg,,,
Guiana Dolphin Single Species Group (Exclusive),851,Sine,sg,,,
Guiana Dolphin Single Species Group (Exclusive),852,Upsweep,sg,,,
Guiana Dolphin Single Species Group (Exclusive),854,Sine,sg,,,
Guiana Dolphin Single Species Group (Exclusive),862,Upsweep,sg,,,
Guiana Dolphin Single Species Group (Exclusive),865,Upsweep,sg,,,
Guiana Dolphin Single Species Group (Exclusive),866,Sine,sg,,,
Guiana Dolphin Single Species Group (Exclusive),867,Downsweep,sg,,,
Guiana Dolphin Single Species Group (Exclusive),870,Concave,sg,,,
Guiana Dolphin Single Species Group (Exclusive),872,Upsweep,sg,,,
Guiana Dolphin Single Species Group (Exclusive),873,Sine,sg,,,
Guiana Dolphin Single Species Group (Exclusive),887,Upsweep,sg,,,
Guiana Dolphin Single Species Group (Exclusive),898,Upsweep,sg,,,
Guiana Dolphin Single Species Group (Exclusive),902,Upsweep,sg,,,
Guiana Dolphin Single Species Group (Exclusive),912,Upsweep,sg,,,
Guiana Dolphin Single Species Group (Exclusive),919,Sine,sg,,,
Guiana Dolphin Single Species Group (Exclusive),920,Upsweep,sg,,,
Guiana Dolphin Single Species Group (Exclusive),930,Upsweep,sg,,,
Guiana Dolphin Single Species Group (Exclusive),931,Upsweep,sg,,,
Guiana Dolphin Single Species Group (Exclusive),938,Upsweep,sg,,,
Guiana Dolphin Single Species Group (Exclusive),942,Upsweep,sg,,,
Guiana Dolphin Single Species Group (Exclusive),946,Upsweep,sg,,,
Guiana Dolphin Single Species Group (Exclusive),950,Upsweep,sg,,,
Guiana Dolphin Single Species Group (Exclusive),952,Upsweep,sg,,,
Guiana Dolphin Single Species Group (Exclusive),953,Upsweep,sg,,,
Guiana Dolphin Single Species Group (Exclusive),954,Upsweep,sg,,,
Guiana Dolphin Single Species Group (Exclusive),971,Upsweep,sg,,,
Guiana Dolphin Single Species Group (Exclusive),977,Upsweep,sg,,,
Guiana Dolphin Single Species Group (Exclusive),980,Upsweep,sg,,,
Guiana Dolphin Single Species Group (Exclusive),989,Upsweep,sg,,,
Guiana Dolphin Single Species Group (Exclusive),1000,Sine,sg,,,
Guiana Dolphin Single Species Group (Exclusive),1001,Upsweep,sg,,,
Guiana Dolphin Single Species Group (Exclusive),1004,Upsweep,sg,,,
Guiana Dolphin Single Species Group (Exclusive),1015,Sine,sg,,,
Guiana Dolphin Single Species Group (Exclusive),1016,Upsweep,sg,,,
Guiana Dolphin Single Species Group (Exclusive),1017,Upsweep,sg,,,
Guiana Dolphin Single Species Group (Exclusive),1021,Upsweep,sg,,,
Guiana Dolphin Single Species Group (Exclusive),1023,Upsweep,sg,,,
Guiana Dolphin Single Species Group (Exclusive),1038,Concave,sg,,,
Guiana Dolphin Single Species Group (Exclusive),1039,Upsweep,sg,,,
Guiana Dolphin Single Species Group (Exclusive),1052,Upsweep,sg,,,
Guiana Dolphin Single Species Group (Exclusive),1057,Upsweep,sg,,,
Guiana Dolphin Single Species Group (Exclusive),1060,Upsweep,sg,,,
Guiana Dolphin Single Species Group (Exclusive),1061,Upsweep,sg,,,
Guiana Dolphin Single Species Group (Exclusive),1062,Upsweep,sg,,,
Guiana Dolphin Single Species Group (Exclusive),1063,Upsweep,sg,,,
Guiana Dolphin Single Species Group (Exclusive),1066,Upsweep,sg,,,
Guiana Dolphin Single Species Group (Exclusive),1078,Convex,sg,,,
Guiana Dolphin Single Species Group (Exclusive),1088,Upsweep,sg,,,
Guiana Dolphin Single Species Group (Exclusive),1090,Upsweep,sg,,,
Guiana Dolphin Single Species Group (Exclusive),1098,Sine,sg,,,
Guiana Dolphin Single Species Group (Exclusive),1104,Upsweep,sg,,,
Guiana Dolphin Single Species Group (Exclusive),1112,Upsweep,sg,,,
Guiana Dolphin Single Species Group (Exclusive),1119,Upsweep,sg,,,
Guiana Dolphin Single Species Group (Exclusive),1137,Upsweep,sg,,,
Guiana Dolphin Single Species Group (Exclusive),1146,Upsweep,sg,,,
Guiana Dolphin Single Species Group (Exclusive),1151,Concave,sg,,,
Guiana Dolphin Single Species Group (Exclusive),1152,Upsweep,sg,,,
Guiana Dolphin Single Species Group (Exclusive),1154,Upsweep,sg,,,
Guiana Dolphin Single Species Group (Exclusive),1158,Convex,sg,,,
Guiana Dolphin Single Species Group (Exclusive),1161,Convex,sg,,,
Guiana Dolphin Single Species Group (Exclusive),1163,Upsweep,sg,,,
Guiana Dolphin Single Species Group (Exclusive),1184,Upsweep,sg,,,
Guiana Dolphin Single Species Group (Exclusive),1192,Upsweep,sg,,,
Guiana Dolphin Single Species Group (Exclusive),1220,Upsweep,sg,,,
Guiana Dolphin Single Species Group (Exclusive),1222,Upsweep,sg,,,
Guiana Dolphin Single Species Group (Exclusive),1251,Upsweep,sg,,,
Guiana Dolphin Single Species Group (Exclusive),1259,Upsweep,sg,,,
Guiana Dolphin Single Species Group (Exclusive),1263,Upsweep,sg,,,
Guiana Dolphin Single Species Group (Exclusive),1265,Upsweep,sg,,,
Guiana Dolphin Single Species Group (Exclusive),1266,Upsweep,sg,,,
Guiana Dolphin Single Species Group (Exclusive),1270,Upsweep,sg,,,
Guiana Dolphin Single Species Group (Exclusive),1302,Upsweep,sg,,,
Guiana Dolphin Single Species Group (Exclusive),1323,Concave,sg,,,
Guiana Dolphin Single Species Group (Exclusive),1329,Upsweep,sg,,,
Guiana Dolphin Single Species Group (Exclusive),1339,Upsweep,sg,,,
Guiana Dolphin Single Species Group (Exclusive),1340,Upsweep,sg,,,
Guiana Dolphin Single Species Group (Exclusive),1342,Upsweep,sg,,,
Guiana Dolphin Single Species Group (Exclusive),1363,Upsweep,sg,,,
Guiana Dolphin Single Species Group (Exclusive),1376,Upsweep,sg,,,
Guiana Dolphin Single Species Group (Exclusive),1392,Upsweep,sg,,,
Guiana Dolphin Single Species Group (Exclusive),1415,Upsweep,sg,,,
Guiana Dolphin Single Species Group (Exclusive),1421,Upsweep,sg,,,
Guiana Dolphin Single Species Group (Exclusive),1423,Upsweep,sg,,,
Guiana Dolphin Single Species Group (Exclusive),1429,Upsweep,sg,,,
Guiana Dolphin Single Species Group (Exclusive),1433,Upsweep,sg,,,
Guiana Dolphin Single Species Group (Exclusive),1439,Upsweep,sg,,,
Guiana Dolphin Single Species Group (Exclusive),1448,Upsweep,sg,,,
Guiana Dolphin Single Species Group (Exclusive),1478,Upsweep,sg,,,
Guiana Dolphin Single Species Group (Exclusive),1493,Convex,sg,,,
Guiana Dolphin Single Species Group (Exclusive),1496,Upsweep,sg,,,
Guiana Dolphin Single Species Group (Exclusive),1501,Upsweep,sg,,,
Guiana Dolphin Single Species Group (Exclusive),1502,Upsweep,sg,,,
Guiana Dolphin Single Species Group (Exclusive),1508,Upsweep,sg,,,
Guiana Dolphin Single Species Group (Exclusive),1509,Upsweep,sg,,,
Guiana Dolphin Single Species Group (Exclusive),1521,Upsweep,sg,,,
Guiana Dolphin Single Species Group (Exclusive),1539,Upsweep,sg,,,
Guiana Dolphin Single Species Group (Exclusive),1559,Upsweep,sg,,,
Guiana Dolphin Single Species Group (Exclusive),1565,Upsweep,sg,,,
Guiana Dolphin Single Species Group (Exclusive),1580,Upsweep,sg,,,
Guiana Dolphin Single Species Group (Exclusive),1589,Upsweep,sg,,,
Guiana Dolphin Single Species Group (Exclusive),1607,Upsweep,sg,,,
Guiana Dolphin Single Species Group (Exclusive),1624,Upsweep,sg,,,
Guiana Dolphin Single Species Group (Exclusive),1631,Upsweep,sg,,,
Guiana Dolphin Single Species Group (Exclusive),1637,Upsweep,sg,,,
Guiana Dolphin Single Species Group (Exclusive),1658,Upsweep,sg,,,
Guiana Dolphin Single Species Group (Exclusive),1659,Upsweep,sg,,,
Guiana Dolphin Single Species Group (Exclusive),1661,Upsweep,sg,,,
Guiana Dolphin Single Species Group (Exclusive),1677,Upsweep,sg,,,
Guiana Dolphin Single Species Group (Exclusive),1683,Upsweep,sg,,,
Guiana Dolphin Single Species Group (Exclusive),1696,Upsweep,sg,,,
Guiana Dolphin Single Species Group (Exclusive),1715,Upsweep,sg,,,
Guiana Dolphin Single Species Group (Exclusive),1735,Upsweep,sg,,,
Guiana Dolphin Single Species Group (Exclusive),1772,Upsweep,sg,,,
Guiana Dolphin Single Species Group (Exclusive),1787,Upsweep,sg,,,
Guiana Dolphin Single Species Group (Exclusive),1793,Upsweep,sg,,,
Guiana Dolphin Single Species Group (Exclusive),1797,Upsweep,sg,,,
Guiana Dolphin Single Species Group (Exclusive),1823,Upsweep,sg,,,
Guiana Dolphin Single Species Group (Exclusive),1827,Upsweep,sg,,,
Guiana Dolphin Single Species Group (Exclusive),1836,Upsweep,sg,,,
Guiana Dolphin Single Species Group (Exclusive),1849,Upsweep,sg,,,
Guiana Dolphin Single Species Group (Exclusive),1854,Upsweep,sg,,,
Guiana Dolphin Single Species Group (Exclusive),1863,Upsweep,sg,,,
Guiana Dolphin Single Species Group (Exclusive),1864,Upsweep,sg,,,
Guiana Dolphin Single Species Group (Exclusive),1877,Upsweep,sg,,,
Guiana Dolphin Single Species Group (Exclusive),1906,Upsweep,sg,,,
Guiana Dolphin Single Species Group (Exclusive),1917,Upsweep,sg,,,
Shared Across 2 or More Contexts,2,Upsweep,Shared - All,,,
Shared Across 2 or More Contexts,5,Sine,Shared - All,,,
Shared Across 2 or More Contexts,6,Upsweep,Shared - All,,,
Shared Across 2 or More Contexts,8,Upsweep,Shared - All,,,
Shared Across 2 or More Contexts,9,Concave,Shared - All,,,
Shared Across 2 or More Contexts,14,Upsweep,Shared - All,,,
Shared Across 2 or More Contexts,17,Upsweep,Shared - All,,,
Shared Across 2 or More Contexts,18,Downsweep,Shared - All,,,
Shared Across 2 or More Contexts,19,Upsweep,Shared - All,,,
Shared Across 2 or More Contexts,22,Convex,Shared - All,,,
Shared Across 2 or More Contexts,24,Upsweep,Shared - All,,,
Shared Across 2 or More Contexts,28,Upsweep,Shared - All,,,
Shared Across 2 or More Contexts,31,Constant,Shared - All,,,
Shared Across 2 or More Contexts,40,Upsweep,Shared - All,,,
Shared Across 2 or More Contexts,44,Upsweep,Shared - All,,,
Shared Across 2 or More Contexts,50,Downsweep,Shared - All,,,
Shared Across 2 or More Contexts,52,Convex,Shared - All,,,
Shared Across 2 or More Contexts,55,Upsweep,Shared - All,,,
Shared Across 2 or More Contexts,58,Upsweep,Shared - All,,,
Shared Across 2 or More Contexts,67,Sine,Shared - All,,,
Shared Across 2 or More Contexts,69,Upsweep,Shared - All,,,
Shared Across 2 or More Contexts,71,Downsweep,Shared - All,,,
Shared Across 2 or More Contexts,72,Upsweep,Shared - All,,,
Shared Across 2 or More Contexts,81,Upsweep,Shared - All,,,
Shared Across 2 or More Contexts,85,Upsweep,Shared - All,,,
Shared Across 2 or More Contexts,88,Upsweep,Shared - All,,,
Shared Across 2 or More Contexts,93,Upsweep,Shared - All,,,
Shared Across 2 or More Contexts,96,Upsweep,Shared - All,,,
Shared Across 2 or More Contexts,99,Constant,Shared - All,,,
Shared Across 2 or More Contexts,103,Upsweep,Shared - All,,,
Shared Across 2 or More Contexts,104,Constant,Shared - All,,,
Shared Across 2 or More Contexts,117,Upsweep,Shared - All,,,
Shared Across 2 or More Contexts,122,Upsweep,Shared - All,,,
Shared Across 2 or More Contexts,127,Constant,Shared - All,,,
Shared Across 2 or More Contexts,131,Upsweep,Shared - All,,,
Shared Across 2 or More Contexts,134,Sine,Shared - All,,,
Shared Across 2 or More Contexts,135,Downsweep,Shared - All,,,
Shared Across 2 or More Contexts,141,Upsweep,Shared - All,,,
Shared Across 2 or More Contexts,143,Sine,Shared - All,,,
Shared Across 2 or More Contexts,150,Constant,Shared - All,,,
Shared Across 2 or More Contexts,152,Convex,Shared - All,,,
Shared Across 2 or More Contexts,153,Upsweep,Shared - All,,,
Shared Across 2 or More Contexts,155,Upsweep,Shared - All,,,
Shared Across 2 or More Contexts,156,Upsweep,Shared - All,,,
Shared Across 2 or More Contexts,158,Upsweep,Shared - All,,,
Shared Across 2 or More Contexts,161,Downsweep,Shared - All,,,
Shared Across 2 or More Contexts,163,Upsweep,Shared - All,,,
Shared Across 2 or More Contexts,166,Upsweep,Shared - All,,,
Shared Across 2 or More Contexts,167,Constant,Shared - All,,,
Shared Across 2 or More Contexts,170,Upsweep,Shared - All,,,
Shared Across 2 or More Contexts,174,Sine,Shared - All,,,
Shared Across 2 or More Contexts,178,Upsweep,Shared - All,,,
Shared Across 2 or More Contexts,185,Upsweep,Shared - All,,,
Shared Across 2 or More Contexts,186,Downsweep,Shared - All,,,
Shared Across 2 or More Contexts,191,Downsweep,Shared - All,,,
Shared Across 2 or More Contexts,192,Upsweep,Shared - All,,,
Shared Across 2 or More Contexts,197,Upsweep,Shared - All,,,
Shared Across 2 or More Contexts,202,Upsweep,Shared - All,,,
Shared Across 2 or More Contexts,204,Constant,Shared - All,,,
Shared Across 2 or More Contexts,208,Upsweep,Shared - All,,,
Shared Across 2 or More Contexts,217,Convex,Shared - All,,,
Shared Across 2 or More Contexts,222,Downsweep,Shared - All,,,
Shared Across 2 or More Contexts,223,Upsweep,Shared - All,,,
Shared Across 2 or More Contexts,224,Upsweep,Shared - All,,,
Shared Across 2 or More Contexts,228,Upsweep,Shared - All,,,
Shared Across 2 or More Contexts,230,Upsweep,Shared - All,,,
Shared Across 2 or More Contexts,231,Constant,Shared - All,,,
Shared Across 2 or More Contexts,235,Downsweep,Shared - All,,,
Shared Across 2 or More Contexts,241,Convex,Shared - All,,,
Shared Across 2 or More Contexts,252,Upsweep,Shared - All,,,
Shared Across 2 or More Contexts,254,Concave,Shared - All,,,
Shared Across 2 or More Contexts,258,Downsweep,Shared - All,,,
Shared Across 2 or More Contexts,260,Upsweep,Shared - All,,,
Shared Across 2 or More Contexts,267,Downsweep,Shared - All,,,
Shared Across 2 or More Contexts,271,Downsweep,Shared - All,,,
Shared Across 2 or More Contexts,272,Constant,Shared - All,,,
Shared Across 2 or More Contexts,281,Downsweep,Shared - All,,,
Shared Across 2 or More Contexts,288,Constant,Shared - All,,,
Shared Across 2 or More Contexts,302,Upsweep,Shared - All,,,
Shared Across 2 or More Contexts,303,Downsweep,Shared - All,,,
Shared Across 2 or More Contexts,304,Upsweep,Shared - All,,,
Shared Across 2 or More Contexts,306,Upsweep,Shared - All,,,
Shared Across 2 or More Contexts,307,Downsweep,Shared - All,,,
Shared Across 2 or More Contexts,309,Upsweep,Shared - All,,,
Shared Across 2 or More Contexts,318,Upsweep,Shared - All,,,
Shared Across 2 or More Contexts,321,Upsweep,Shared - All,,,
Shared Across 2 or More Contexts,323,Upsweep,Shared - All,,,
Shared Across 2 or More Contexts,325,Sine,Shared - All,,,
Shared Across 2 or More Contexts,330,Upsweep,Shared - All,,,
Shared Across 2 or More Contexts,334,Upsweep,Shared - All,,,
Shared Across 2 or More Contexts,342,Upsweep,Shared - All,,,
Shared Across 2 or More Contexts,351,Constant,Shared - All,,,
Shared Across 2 or More Contexts,359,Upsweep,Shared - All,,,
Shared Across 2 or More Contexts,362,Constant,Shared - All,,,
Shared Across 2 or More Contexts,369,Sine,Shared - All,,,
Shared Across 2 or More Contexts,370,Upsweep,Shared - All,,,
Shared Across 2 or More Contexts,371,Upsweep,Shared - All,,,
Shared Across 2 or More Contexts,385,Upsweep,Shared - All,,,
Shared Across 2 or More Contexts,412,Downsweep,Shared - All,,,
Shared Across 2 or More Contexts,423,Upsweep,Shared - All,,,
Shared Across 2 or More Contexts,427,Convex,Shared - All,,,
Shared Across 2 or More Contexts,437,Upsweep,Shared - All,,,
Shared Across 2 or More Contexts,445,Downsweep,Shared - All,,,
Shared Across 2 or More Contexts,454,Upsweep,Shared - All,,,
Shared Across 2 or More Contexts,456,Constant,Shared - All,,,
Shared Across 2 or More Contexts,458,Convex,Shared - All,,,
Shared Across 2 or More Contexts,462,Upsweep,Shared - All,,,
Shared Across 2 or More Contexts,475,Sine,Shared - All,,,
Shared Across 2 or More Contexts,479,Constant,Shared - All,,,
Shared Across 2 or More Contexts,482,Upsweep,Shared - All,,,
Shared Across 2 or More Contexts,483,Upsweep,Shared - All,,,
Shared Across 2 or More Contexts,485,Upsweep,Shared - All,,,
Shared Across 2 or More Contexts,489,Constant,Shared - All,,,
Shared Across 2 or More Contexts,490,Constant,Shared - All,,,
Shared Across 2 or More Contexts,527,Upsweep,Shared - All,,,
Shared Across 2 or More Contexts,530,Sine,Shared - All,,,
Shared Across 2 or More Contexts,549,Upsweep,Shared - All,,,
Shared Across 2 or More Contexts,553,Upsweep,Shared - All,,,
Shared Across 2 or More Contexts,558,Sine,Shared - All,,,
Shared Across 2 or More Contexts,562,Upsweep,Shared - All,,,
Shared Across 2 or More Contexts,565,Downsweep,Shared - All,,,
Shared Across 2 or More Contexts,566,Upsweep,Shared - All,,,
Shared Across 2 or More Contexts,568,Downsweep,Shared - All,,,
Shared Across 2 or More Contexts,572,Convex,Shared - All,,,
Shared Across 2 or More Contexts,583,Upsweep,Shared - All,,,
Shared Across 2 or More Contexts,585,Upsweep,Shared - All,,,
Shared Across 2 or More Contexts,587,Upsweep,Shared - All,,,
Shared Across 2 or More Contexts,614,Upsweep,Shared - All,,,
Shared Across 2 or More Contexts,621,Upsweep,Shared - All,,,
Shared Across 2 or More Contexts,626,Sine,Shared - All,,,
Shared Across 2 or More Contexts,633,Upsweep,Shared - All,,,
Shared Across 2 or More Contexts,637,Upsweep,Shared - All,,,
Shared Across 2 or More Contexts,681,Concave,Shared - All,,,
Shared Across 2 or More Contexts,687,Constant,Shared - All,,,
Shared Across 2 or More Contexts,701,Convex,Shared - All,,,
Shared Across 2 or More Contexts,726,Upsweep,Shared - All,,,
Shared Across 2 or More Contexts,735,Upsweep,Shared - All,,,
Shared Across 2 or More Contexts,736,Upsweep,Shared - All,,,
Shared Across 2 or More Contexts,738,Upsweep,Shared - All,,,
Shared Across 2 or More Contexts,756,Upsweep,Shared - All,,,
Shared Across 2 or More Contexts,774,Upsweep,Shared - All,,,
Shared Across 2 or More Contexts,794,Sine,Shared - All,,,
Shared Across 2 or More Contexts,844,Sine,Shared - All,,,
Shared Across 2 or More Contexts,883,Upsweep,Shared - All,,,
Shared Across 2 or More Contexts,884,Sine,Shared - All,,,
Shared Across 2 or More Contexts,885,Sine,Shared - All,,,
Shared Across 2 or More Contexts,891,Upsweep,Shared - All,,,
Shared Across 2 or More Contexts,892,Upsweep,Shared - All,,,
Shared Across 2 or More Contexts,893,Downsweep,Shared - All,,,
Shared Across 2 or More Contexts,908,Concave,Shared - All,,,
Shared Across 2 or More Contexts,926,Upsweep,Shared - All,,,
Shared Across 2 or More Contexts,933,Concave,Shared - All,,,
Shared Across 2 or More Contexts,935,Concave,Shared - All,,,
Shared Across 2 or More Contexts,947,Concave,Shared - All,,,
Shared Across 2 or More Contexts,949,Upsweep,Shared - All,,,
Shared Across 2 or More Contexts,951,Upsweep,Shared - All,,,
Shared Across 2 or More Contexts,955,Upsweep,Shared - All,,,
Shared Across 2 or More Contexts,956,Sine,Shared - All,,,
Shared Across 2 or More Contexts,968,Downsweep,Shared - All,,,
Shared Across 2 or More Contexts,973,Upsweep,Shared - All,,,
Shared Across 2 or More Contexts,976,Sine,Shared - All,,,
Shared Across 2 or More Contexts,984,Upsweep,Shared - All,,,
Shared Across 2 or More Contexts,985,Upsweep,Shared - All,,,
Shared Across 2 or More Contexts,990,Constant,Shared - All,,,
Shared Across 2 or More Contexts,997,Upsweep,Shared - All,,,
Shared Across 2 or More Contexts,998,Upsweep,Shared - All,,,
Shared Across 2 or More Contexts,1007,Upsweep,Shared - All,,,
Shared Across 2 or More Contexts,1010,Upsweep,Shared - All,,,
Shared Across 2 or More Contexts,1030,Constant,Shared - All,,,
Shared Across 2 or More Contexts,1040,Concave,Shared - All,,,
Shared Across 2 or More Contexts,1042,Upsweep,Shared - All,,,
Shared Across 2 or More Contexts,1048,Upsweep,Shared - All,,,
Shared Across 2 or More Contexts,1049,Upsweep,Shared - All,,,
Shared Across 2 or More Contexts,1050,Sine,Shared - All,,,
Shared Across 2 or More Contexts,1051,Sine,Shared - All,,,
Shared Across 2 or More Contexts,1054,Downsweep,Shared - All,,,
Shared Across 2 or More Contexts,1069,Upsweep,Shared - All,,,
Shared Across 2 or More Contexts,1071,Convex,Shared - All,,,
Shared Across 2 or More Contexts,1077,Upsweep,Shared - All,,,
Shared Across 2 or More Contexts,1084,Upsweep,Shared - All,,,
Shared Across 2 or More Contexts,1087,Upsweep,Shared - All,,,
Shared Across 2 or More Contexts,1105,Upsweep,Shared - All,,,
Shared Across 2 or More Contexts,1106,Upsweep,Shared - All,,,
Shared Across 2 or More Contexts,1108,Upsweep,Shared - All,,,
Shared Across 2 or More Contexts,1113,Upsweep,Shared - All,,,
Shared Across 2 or More Contexts,1115,Upsweep,Shared - All,,,
Shared Across 2 or More Contexts,1118,Upsweep,Shared - All,,,
Shared Across 2 or More Contexts,1121,Upsweep,Shared - All,,,
Shared Across 2 or More Contexts,1122,Upsweep,Shared - All,,,
Shared Across 2 or More Contexts,1132,Upsweep,Shared - All,,,
Shared Across 2 or More Contexts,1136,Sine,Shared - All,,,
Shared Across 2 or More Contexts,1143,Upsweep,Shared - All,,,
Shared Across 2 or More Contexts,1145,Upsweep,Shared - All,,,
Shared Across 2 or More Contexts,1157,Upsweep,Shared - All,,,
Shared Across 2 or More Contexts,1168,Upsweep,Shared - All,,,
Shared Across 2 or More Contexts,1179,Convex,Shared - All,,,
Shared Across 2 or More Contexts,1180,Upsweep,Shared - All,,,
Shared Across 2 or More Contexts,1188,Upsweep,Shared - All,,,
Shared Across 2 or More Contexts,1196,Upsweep,Shared - All,,,
Shared Across 2 or More Contexts,1200,Upsweep,Shared - All,,,
Shared Across 2 or More Contexts,1202,Upsweep,Shared - All,,,
Shared Across 2 or More Contexts,1203,Upsweep,Shared - All,,,
Shared Across 2 or More Contexts,1207,Upsweep,Shared - All,,,
Shared Across 2 or More Contexts,1210,Upsweep,Shared - All,,,
Shared Across 2 or More Contexts,1213,Upsweep,Shared - All,,,
Shared Across 2 or More Contexts,1230,Upsweep,Shared - All,,,
Shared Across 2 or More Contexts,1232,Concave,Shared - All,,,
Shared Across 2 or More Contexts,1241,Upsweep,Shared - All,,,
Shared Across 2 or More Contexts,1244,Upsweep,Shared - All,,,
Shared Across 2 or More Contexts,1252,Upsweep,Shared - All,,,
Shared Across 2 or More Contexts,1258,Sine,Shared - All,,,
Shared Across 2 or More Contexts,1262,Upsweep,Shared - All,,,
Shared Across 2 or More Contexts,1273,Upsweep,Shared - All,,,
Shared Across 2 or More Contexts,1274,Upsweep,Shared - All,,,
Shared Across 2 or More Contexts,1280,Upsweep,Shared - All,,,
Shared Across 2 or More Contexts,1283,Upsweep,Shared - All,,,
Shared Across 2 or More Contexts,1288,Upsweep,Shared - All,,,
Shared Across 2 or More Contexts,1292,Upsweep,Shared - All,,,
Shared Across 2 or More Contexts,1293,Upsweep,Shared - All,,,
Shared Across 2 or More Contexts,1298,Upsweep,Shared - All,,,
Shared Across 2 or More Contexts,1307,Upsweep,Shared - All,,,
Shared Across 2 or More Contexts,1309,Upsweep,Shared - All,,,
Shared Across 2 or More Contexts,1326,Upsweep,Shared - All,,,
Shared Across 2 or More Contexts,1328,Convex,Shared - All,,,
Shared Across 2 or More Contexts,1334,Upsweep,Shared - All,,,
Shared Across 2 or More Contexts,1338,Upsweep,Shared - All,,,
Shared Across 2 or More Contexts,1341,Upsweep,Shared - All,,,
Shared Across 2 or More Contexts,1356,Upsweep,Shared - All,,,
Shared Across 2 or More Contexts,1369,Convex,Shared - All,,,
Shared Across 2 or More Contexts,1374,Upsweep,Shared - All,,,
Shared Across 2 or More Contexts,1385,Upsweep,Shared - All,,,
Shared Across 2 or More Contexts,1390,Upsweep,Shared - All,,,
Shared Across 2 or More Contexts,1401,Upsweep,Shared - All,,,
Shared Across 2 or More Contexts,1402,Upsweep,Shared - All,,,
Shared Across 2 or More Contexts,1403,Upsweep,Shared - All,,,
Shared Across 2 or More Contexts,1417,Upsweep,Shared - All,,,
Shared Across 2 or More Contexts,1420,Sine,Shared - All,,,
Shared Across 2 or More Contexts,1425,Upsweep,Shared - All,,,
Shared Across 2 or More Contexts,1432,Upsweep,Shared - All,,,
Shared Across 2 or More Contexts,1447,Upsweep,Shared - All,,,
Shared Across 2 or More Contexts,1461,Upsweep,Shared - All,,,
Shared Across 2 or More Contexts,1474,Upsweep,Shared - All,,,
Shared Across 2 or More Contexts,1489,Upsweep,Shared - All,,,
Shared Across 2 or More Contexts,1491,Sine,Shared - All,,,
Shared Across 2 or More Contexts,1495,Upsweep,Shared - All,,,
Shared Across 2 or More Contexts,1499,Upsweep,Shared - All,,,
Shared Across 2 or More Contexts,1504,Upsweep,Shared - All,,,
Shared Across 2 or More Contexts,1510,Convex,Shared - All,,,
Shared Across 2 or More Contexts,1522,Upsweep,Shared - All,,,
Shared Across 2 or More Contexts,1531,Upsweep,Shared - All,,,
Shared Across 2 or More Contexts,1536,Upsweep,Shared - All,,,
Shared Across 2 or More Contexts,1541,Upsweep,Shared - All,,,
Shared Across 2 or More Contexts,1545,Upsweep,Shared - All,,,
Shared Across 2 or More Contexts,1549,Upsweep,Shared - All,,,
Shared Across 2 or More Contexts,1553,Upsweep,Shared - All,,,
Shared Across 2 or More Contexts,1557,Upsweep,Shared - All,,,
Shared Across 2 or More Contexts,1578,Upsweep,Shared - All,,,
Shared Across 2 or More Contexts,1612,Sine,Shared - All,,,
Shared Across 2 or More Contexts,1613,Upsweep,Shared - All,,,
Shared Across 2 or More Contexts,1616,Sine,Shared - All,,,
Shared Across 2 or More Contexts,1625,Upsweep,Shared - All,,,
Shared Across 2 or More Contexts,1634,Sine,Shared - All,,,
Shared Across 2 or More Contexts,1639,Upsweep,Shared - All,,,
Shared Across 2 or More Contexts,1644,Upsweep,Shared - All,,,
Shared Across 2 or More Contexts,1650,Upsweep,Shared - All,,,
Shared Across 2 or More Contexts,1654,Upsweep,Shared - All,,,
Shared Across 2 or More Contexts,1657,Upsweep,Shared - All,,,
Shared Across 2 or More Contexts,1691,Upsweep,Shared - All,,,
Shared Across 2 or More Contexts,1704,Upsweep,Shared - All,,,
Shared Across 2 or More Contexts,1713,Upsweep,Shared - All,,,
Shared Across 2 or More Contexts,1720,Upsweep,Shared - All,,,
Shared Across 2 or More Contexts,1729,Upsweep,Shared - All,,,
Shared Across 2 or More Contexts,1744,Upsweep,Shared - All,,,
Shared Across 2 or More Contexts,1751,Upsweep,Shared - All,,,
Shared Across 2 or More Contexts,1758,Upsweep,Shared - All,,,
Shared Across 2 or More Contexts,1762,Upsweep,Shared - All,,,
Shared Across 2 or More Contexts,1770,Upsweep,Shared - All,,,
Shared Across 2 or More Contexts,1771,Upsweep,Shared - All,,,
Shared Across 2 or More Contexts,1780,Upsweep,Shared - All,,,
Shared Across 2 or More Contexts,1788,Upsweep,Shared - All,,,
Shared Across 2 or More Contexts,1790,Upsweep,Shared - All,,,
Shared Across 2 or More Contexts,1805,Upsweep,Shared - All,,,
Shared Across 2 or More Contexts,1814,Upsweep,Shared - All,,,
Shared Across 2 or More Contexts,1816,Upsweep,Shared - All,,,
Shared Across 2 or More Contexts,1826,Upsweep,Shared - All,,,
Shared Across 2 or More Contexts,1828,Upsweep,Shared - All,,,
Shared Across 2 or More Contexts,1880,Upsweep,Shared - All,,,
Shared Across 2 or More Contexts,1890,Upsweep,Shared - All,,,
Shared Across 2 or More Contexts,1905,Upsweep,Shared - All,,,
Shared Across 2 or More Contexts,1910,Upsweep,Shared - All,,,
Shared Across 2 or More Contexts,1912,Upsweep,Shared - All,,,
Shared Across 2 or More Contexts,1918,Upsweep,Shared - All,,,
Shared Across 2 or More Contexts,1919,Upsweep,Shared - All,,,
Shared Across 2 or More Contexts,1922,Upsweep,Shared - All,,,
Shared Across 2 or More Contexts,1930,Sine,Shared - All,,,
Shared Across 2 or More Contexts,1934,Upsweep,Shared - All,,,
Shared Across 2 or More Contexts,4,Convex,Shared - msg and sg,,,
Shared Across 2 or More Contexts,7,Upsweep,Shared - msg and sg,,,
Shared Across 2 or More Contexts,10,Upsweep,Shared - msg and sg,,,
Shared Across 2 or More Contexts,13,Upsweep,Shared - msg and sg,,,
Shared Across 2 or More Contexts,20,Upsweep,Shared - msg and sg,,,
Shared Across 2 or More Contexts,23,Convex,Shared - msg and sg,,,
Shared Across 2 or More Contexts,39,Upsweep,Shared - msg and sg,,,
Shared Across 2 or More Contexts,45,Upsweep,Shared - msg and sg,,,
Shared Across 2 or More Contexts,62,Concave,Shared - msg and sg,,,
Shared Across 2 or More Contexts,63,Sine,Shared - msg and sg,,,
Shared Across 2 or More Contexts,94,Sine,Shared - msg and sg,,,
Shared Across 2 or More Contexts,98,Upsweep,Shared - msg and sg,,,
Shared Across 2 or More Contexts,101,Convex,Shared - msg and sg,,,
Shared Across 2 or More Contexts,119,Concave,Shared - msg and sg,,,
Shared Across 2 or More Contexts,129,Upsweep,Shared - msg and sg,,,
Shared Across 2 or More Contexts,146,Constant,Shared - msg and sg,,,
Shared Across 2 or More Contexts,149,Upsweep,Shared - msg and sg,,,
Shared Across 2 or More Contexts,154,Upsweep,Shared - msg and sg,,,
Shared Across 2 or More Contexts,168,Upsweep,Shared - msg and sg,,,
Shared Across 2 or More Contexts,188,Downsweep,Shared - msg and sg,,,
Shared Across 2 or More Contexts,195,Upsweep,Shared - msg and sg,,,
Shared Across 2 or More Contexts,205,Upsweep,Shared - msg and sg,,,
Shared Across 2 or More Contexts,226,Downsweep,Shared - msg and sg,,,
Shared Across 2 or More Contexts,243,Upsweep,Shared - msg and sg,,,
Shared Across 2 or More Contexts,264,Downsweep,Shared - msg and sg,,,
Shared Across 2 or More Contexts,287,Upsweep,Shared - msg and sg,,,
Shared Across 2 or More Contexts,289,Upsweep,Shared - msg and sg,,,
Shared Across 2 or More Contexts,316,Sine,Shared - msg and sg,,,
Shared Across 2 or More Contexts,317,Constant,Shared - msg and sg,,,
Shared Across 2 or More Contexts,328,Constant,Shared - msg and sg,,,
Shared Across 2 or More Contexts,329,Upsweep,Shared - msg and sg,,,
Shared Across 2 or More Contexts,350,Downsweep,Shared - msg and sg,,,
Shared Across 2 or More Contexts,353,Sine,Shared - msg and sg,,,
Shared Across 2 or More Contexts,381,Downsweep,Shared - msg and sg,,,
Shared Across 2 or More Contexts,383,Upsweep,Shared - msg and sg,,,
Shared Across 2 or More Contexts,386,Sine,Shared - msg and sg,,,
Shared Across 2 or More Contexts,401,Constant,Shared - msg and sg,,,
Shared Across 2 or More Contexts,403,Sine,Shared - msg and sg,,,
Shared Across 2 or More Contexts,408,Upsweep,Shared - msg and sg,,,
Shared Across 2 or More Contexts,419,Upsweep,Shared - msg and sg,,,
Shared Across 2 or More Contexts,436,Convex,Shared - msg and sg,,,
Shared Across 2 or More Contexts,480,Upsweep,Shared - msg and sg,,,
Shared Across 2 or More Contexts,488,Upsweep,Shared - msg and sg,,,
Shared Across 2 or More Contexts,495,Upsweep,Shared - msg and sg,,,
Shared Across 2 or More Contexts,519,Downsweep,Shared - msg and sg,,,
Shared Across 2 or More Contexts,531,Concave,Shared - msg and sg,,,
Shared Across 2 or More Contexts,541,Concave,Shared - msg and sg,,,
Shared Across 2 or More Contexts,543,Upsweep,Shared - msg and sg,,,
Shared Across 2 or More Contexts,547,Upsweep,Shared - msg and sg,,,
Shared Across 2 or More Contexts,550,Convex,Shared - msg and sg,,,
Shared Across 2 or More Contexts,567,Constant,Shared - msg and sg,,,
Shared Across 2 or More Contexts,580,Convex,Shared - msg and sg,,,
Shared Across 2 or More Contexts,602,Upsweep,Shared - msg and sg,,,
Shared Across 2 or More Contexts,648,Upsweep,Shared - msg and sg,,,
Shared Across 2 or More Contexts,671,Upsweep,Shared - msg and sg,,,
Shared Across 2 or More Contexts,704,Sine,Shared - msg and sg,,,
Shared Across 2 or More Contexts,711,Upsweep,Shared - msg and sg,,,
Shared Across 2 or More Contexts,728,Upsweep,Shared - msg and sg,,,
Shared Across 2 or More Contexts,732,Upsweep,Shared - msg and sg,,,
Shared Across 2 or More Contexts,752,Upsweep,Shared - msg and sg,,,
Shared Across 2 or More Contexts,754,Convex,Shared - msg and sg,,,
Shared Across 2 or More Contexts,784,Upsweep,Shared - msg and sg,,,
Shared Across 2 or More Contexts,808,Upsweep,Shared - msg and sg,,,
Shared Across 2 or More Contexts,841,Sine,Shared - msg and sg,,,
Shared Across 2 or More Contexts,874,Upsweep,Shared - msg and sg,,,
Shared Across 2 or More Contexts,880,Upsweep,Shared - msg and sg,,,
Shared Across 2 or More Contexts,886,Upsweep,Shared - msg and sg,,,
Shared Across 2 or More Contexts,890,Concave,Shared - msg and sg,,,
Shared Across 2 or More Contexts,894,Upsweep,Shared - msg and sg,,,
Shared Across 2 or More Contexts,905,Downsweep,Shared - msg and sg,,,
Shared Across 2 or More Contexts,907,Upsweep,Shared - msg and sg,,,
Shared Across 2 or More Contexts,914,Upsweep,Shared - msg and sg,,,
Shared Across 2 or More Contexts,924,Upsweep,Shared - msg and sg,,,
Shared Across 2 or More Contexts,925,Downsweep,Shared - msg and sg,,,
Shared Across 2 or More Contexts,927,Upsweep,Shared - msg and sg,,,
Shared Across 2 or More Contexts,939,Convex,Shared - msg and sg,,,
Shared Across 2 or More Contexts,944,Upsweep,Shared - msg and sg,,,
Shared Across 2 or More Contexts,959,Upsweep,Shared - msg and sg,,,
Shared Across 2 or More Contexts,961,Constant,Shared - msg and sg,,,
Shared Across 2 or More Contexts,974,Convex,Shared - msg and sg,,,
Shared Across 2 or More Contexts,975,Downsweep,Shared - msg and sg,,,
Shared Across 2 or More Contexts,979,Upsweep,Shared - msg and sg,,,
Shared Across 2 or More Contexts,983,Upsweep,Shared - msg and sg,,,
Shared Across 2 or More Contexts,986,Upsweep,Shared - msg and sg,,,
Shared Across 2 or More Contexts,1012,Sine,Shared - msg and sg,,,
Shared Across 2 or More Contexts,1019,Sine,Shared - msg and sg,,,
Shared Across 2 or More Contexts,1029,Sine,Shared - msg and sg,,,
Shared Across 2 or More Contexts,1041,Upsweep,Shared - msg and sg,,,
Shared Across 2 or More Contexts,1043,Upsweep,Shared - msg and sg,,,
Shared Across 2 or More Contexts,1083,Upsweep,Shared - msg and sg,,,
Shared Across 2 or More Contexts,1089,Upsweep,Shared - msg and sg,,,
Shared Across 2 or More Contexts,1096,Constant,Shared - msg and sg,,,
Shared Across 2 or More Contexts,1099,Upsweep,Shared - msg and sg,,,
Shared Across 2 or More Contexts,1120,Sine,Shared - msg and sg,,,
Shared Across 2 or More Contexts,1135,Upsweep,Shared - msg and sg,,,
Shared Across 2 or More Contexts,1171,Upsweep,Shared - msg and sg,,,
Shared Across 2 or More Contexts,1176,Upsweep,Shared - msg and sg,,,
Shared Across 2 or More Contexts,1178,Upsweep,Shared - msg and sg,,,
Shared Across 2 or More Contexts,1224,Downsweep,Shared - msg and sg,,,
Shared Across 2 or More Contexts,1238,Upsweep,Shared - msg and sg,,,
Shared Across 2 or More Contexts,1247,Concave,Shared - msg and sg,,,
Shared Across 2 or More Contexts,1257,Upsweep,Shared - msg and sg,,,
Shared Across 2 or More Contexts,1306,Upsweep,Shared - msg and sg,,,
Shared Across 2 or More Contexts,1327,Upsweep,Shared - msg and sg,,,
Shared Across 2 or More Contexts,1350,Upsweep,Shared - msg and sg,,,
Shared Across 2 or More Contexts,1372,Upsweep,Shared - msg and sg,,,
Shared Across 2 or More Contexts,1383,Sine,Shared - msg and sg,,,
Shared Across 2 or More Contexts,1396,Upsweep,Shared - msg and sg,,,
Shared Across 2 or More Contexts,1400,Upsweep,Shared - msg and sg,,,
Shared Across 2 or More Contexts,1410,Convex,Shared - msg and sg,,,
Shared Across 2 or More Contexts,1434,Upsweep,Shared - msg and sg,,,
Shared Across 2 or More Contexts,1441,Upsweep,Shared - msg and sg,,,
Shared Across 2 or More Contexts,1457,Upsweep,Shared - msg and sg,,,
Shared Across 2 or More Contexts,1466,Upsweep,Shared - msg and sg,,,
Shared Across 2 or More Contexts,1488,Concave,Shared - msg and sg,,,
Shared Across 2 or More Contexts,1505,Upsweep,Shared - msg and sg,,,
Shared Across 2 or More Contexts,1569,Upsweep,Shared - msg and sg,,,
Shared Across 2 or More Contexts,1579,Upsweep,Shared - msg and sg,,,
Shared Across 2 or More Contexts,1584,Upsweep,Shared - msg and sg,,,
Shared Across 2 or More Contexts,1592,Upsweep,Shared - msg and sg,,,
Shared Across 2 or More Contexts,1652,Upsweep,Shared - msg and sg,,,
Shared Across 2 or More Contexts,1690,Upsweep,Shared - msg and sg,,,
Shared Across 2 or More Contexts,1697,Upsweep,Shared - msg and sg,,,
Shared Across 2 or More Contexts,1733,Upsweep,Shared - msg and sg,,,
Shared Across 2 or More Contexts,1741,Upsweep,Shared - msg and sg,,,
Shared Across 2 or More Contexts,1755,Concave,Shared - msg and sg,,,
Shared Across 2 or More Contexts,1759,Upsweep,Shared - msg and sg,,,
Shared Across 2 or More Contexts,1784,Upsweep,Shared - msg and sg,,,
Shared Across 2 or More Contexts,1845,Upsweep,Shared - msg and sg,,,
Shared Across 2 or More Contexts,1866,Upsweep,Shared - msg and sg,,,
Shared Across 2 or More Contexts,1875,Upsweep,Shared - msg and sg,,,
Shared Across 2 or More Contexts,1876,Upsweep,Shared - msg and sg,,,
Shared Across 2 or More Contexts,1884,Upsweep,Shared - msg and sg,,,
Shared Across 2 or More Contexts,1926,Upsweep,Shared - msg and sg,,,
Shared Across 2 or More Contexts,1927,Upsweep,Shared - msg and sg,,,
Shared Across 2 or More Contexts,1931,Upsweep,Shared - msg and sg,,,
Shared Across 2 or More Contexts,1,Upsweep,Shared - msg and tt,,,
Shared Across 2 or More Contexts,3,Sine,Shared - msg and tt,,,
Shared Across 2 or More Contexts,11,Upsweep,Shared - msg and tt,,,
Shared Across 2 or More Contexts,16,Downsweep,Shared - msg and tt,,,
Shared Across 2 or More Contexts,29,Constant,Shared - msg and tt,,,
Shared Across 2 or More Contexts,32,Convex,Shared - msg and tt,,,
Shared Across 2 or More Contexts,43,Upsweep,Shared - msg and tt,,,
Shared Across 2 or More Contexts,46,Concave,Shared - msg and tt,,,
Shared Across 2 or More Contexts,47,Convex,Shared - msg and tt,,,
Shared Across 2 or More Contexts,60,Downsweep,Shared - msg and tt,,,
Shared Across 2 or More Contexts,73,Sine,Shared - msg and tt,,,
Shared Across 2 or More Contexts,75,Upsweep,Shared - msg and tt,,,
Shared Across 2 or More Contexts,77,Convex,Shared - msg and tt,,,
Shared Across 2 or More Contexts,78,Concave,Shared - msg and tt,,,
Shared Across 2 or More Contexts,82,Downsweep,Shared - msg and tt,,,
Shared Across 2 or More Contexts,83,Upsweep,Shared - msg and tt,,,
Shared Across 2 or More Contexts,90,Upsweep,Shared - msg and tt,,,
Shared Across 2 or More Contexts,91,Upsweep,Shared - msg and tt,,,
Shared Across 2 or More Contexts,92,Convex,Shared - msg and tt,,,
Shared Across 2 or More Contexts,97,Upsweep,Shared - msg and tt,,,
Shared Across 2 or More Contexts,105,Concave,Shared - msg and tt,,,
Shared Across 2 or More Contexts,106,Convex,Shared - msg and tt,,,
Shared Across 2 or More Contexts,108,Convex,Shared - msg and tt,,,
Shared Across 2 or More Contexts,110,Upsweep,Shared - msg and tt,,,
Shared Across 2 or More Contexts,112,Upsweep,Shared - msg and tt,,,
Shared Across 2 or More Contexts,114,Concave,Shared - msg and tt,,,
Shared Across 2 or More Contexts,115,Downsweep,Shared - msg and tt,,,
Shared Across 2 or More Contexts,120,Upsweep,Shared - msg and tt,,,
Shared Across 2 or More Contexts,121,Downsweep,Shared - msg and tt,,,
Shared Across 2 or More Contexts,147,Downsweep,Shared - msg and tt,,,
Shared Across 2 or More Contexts,162,Downsweep,Shared - msg and tt,,,
Shared Across 2 or More Contexts,165,Downsweep,Shared - msg and tt,,,
Shared Across 2 or More Contexts,171,Upsweep,Shared - msg and tt,,,
Shared Across 2 or More Contexts,176,Downsweep,Shared - msg and tt,,,
Shared Across 2 or More Contexts,184,Upsweep,Shared - msg and tt,,,
Shared Across 2 or More Contexts,190,Concave,Shared - msg and tt,,,
Shared Across 2 or More Contexts,203,Downsweep,Shared - msg and tt,,,
Shared Across 2 or More Contexts,211,Upsweep,Shared - msg and tt,,,
Shared Across 2 or More Contexts,216,Downsweep,Shared - msg and tt,,,
Shared Across 2 or More Contexts,232,Sine,Shared - msg and tt,,,
Shared Across 2 or More Contexts,244,Upsweep,Shared - msg and tt,,,
Shared Across 2 or More Contexts,245,Upsweep,Shared - msg and tt,,,
Shared Across 2 or More Contexts,248,Concave,Shared - msg and tt,,,
Shared Across 2 or More Contexts,251,Downsweep,Shared - msg and tt,,,
Shared Across 2 or More Contexts,253,Sine,Shared - msg and tt,,,
Shared Across 2 or More Contexts,262,Downsweep,Shared - msg and tt,,,
Shared Across 2 or More Contexts,263,Concave,Shared - msg and tt,,,
Shared Across 2 or More Contexts,265,Upsweep,Shared - msg and tt,,,
Shared Across 2 or More Contexts,275,Concave,Shared - msg and tt,,,
Shared Across 2 or More Contexts,279,Concave,Shared - msg and tt,,,
Shared Across 2 or More Contexts,290,Upsweep,Shared - msg and tt,,,
Shared Across 2 or More Contexts,294,Concave,Shared - msg and tt,,,
Shared Across 2 or More Contexts,295,Concave,Shared - msg and tt,,,
Shared Across 2 or More Contexts,296,Upsweep,Shared - msg and tt,,,
Shared Across 2 or More Contexts,310,Upsweep,Shared - msg and tt,,,
Shared Across 2 or More Contexts,312,Concave,Shared - msg and tt,,,
Shared Across 2 or More Contexts,313,Convex,Shared - msg and tt,,,
Shared Across 2 or More Contexts,324,Downsweep,Shared - msg and tt,,,
Shared Across 2 or More Contexts,335,Upsweep,Shared - msg and tt,,,
Shared Across 2 or More Contexts,338,Upsweep,Shared - msg and tt,,,
Shared Across 2 or More Contexts,345,Upsweep,Shared - msg and tt,,,
Shared Across 2 or More Contexts,357,Upsweep,Shared - msg and tt,,,
Shared Across 2 or More Contexts,363,Concave,Shared - msg and tt,,,
Shared Across 2 or More Contexts,374,Sine,Shared - msg and tt,,,
Shared Across 2 or More Contexts,376,Concave,Shared - msg and tt,,,
Shared Across 2 or More Contexts,390,Sine,Shared - msg and tt,,,
Shared Across 2 or More Contexts,391,Upsweep,Shared - msg and tt,,,
Shared Across 2 or More Contexts,392,Sine,Shared - msg and tt,,,
Shared Across 2 or More Contexts,394,Sine,Shared - msg and tt,,,
Shared Across 2 or More Contexts,395,Constant,Shared - msg and tt,,,
Shared Across 2 or More Contexts,397,Concave,Shared - msg and tt,,,
Shared Across 2 or More Contexts,399,Sine,Shared - msg and tt,,,
Shared Across 2 or More Contexts,402,Sine,Shared - msg and tt,,,
Shared Across 2 or More Contexts,406,Sine,Shared - msg and tt,,,
Shared Across 2 or More Contexts,407,Sine,Shared - msg and tt,,,
Shared Across 2 or More Contexts,409,Downsweep,Shared - msg and tt,,,
Shared Across 2 or More Contexts,411,Upsweep,Shared - msg and tt,,,
Shared Across 2 or More Contexts,415,Sine,Shared - msg and tt,,,
Shared Across 2 or More Contexts,416,Sine,Shared - msg and tt,,,
Shared Across 2 or More Contexts,420,Downsweep,Shared - msg and tt,,,
Shared Across 2 or More Contexts,421,Upsweep,Shared - msg and tt,,,
Shared Across 2 or More Contexts,431,Upsweep,Shared - msg and tt,,,
Shared Across 2 or More Contexts,435,Upsweep,Shared - msg and tt,,,
Shared Across 2 or More Contexts,441,Sine,Shared - msg and tt,,,
Shared Across 2 or More Contexts,459,Downsweep,Shared - msg and tt,,,
Shared Across 2 or More Contexts,461,Upsweep,Shared - msg and tt,,,
Shared Across 2 or More Contexts,468,Concave,Shared - msg and tt,,,
Shared Across 2 or More Contexts,472,Concave,Shared - msg and tt,,,
Shared Across 2 or More Contexts,476,Upsweep,Shared - msg and tt,,,
Shared Across 2 or More Contexts,487,Sine,Shared - msg and tt,,,
Shared Across 2 or More Contexts,497,Sine,Shared - msg and tt,,,
Shared Across 2 or More Contexts,500,Downsweep,Shared - msg and tt,,,
Shared Across 2 or More Contexts,509,Sine,Shared - msg and tt,,,
Shared Across 2 or More Contexts,521,Sine,Shared - msg and tt,,,
Shared Across 2 or More Contexts,524,Convex,Shared - msg and tt,,,
Shared Across 2 or More Contexts,526,Sine,Shared - msg and tt,,,
Shared Across 2 or More Contexts,552,Sine,Shared - msg and tt,,,
Shared Across 2 or More Contexts,561,Sine,Shared - msg and tt,,,
Shared Across 2 or More Contexts,586,Downsweep,Shared - msg and tt,,,
Shared Across 2 or More Contexts,589,Sine,Shared - msg and tt,,,
Shared Across 2 or More Contexts,591,Sine,Shared - msg and tt,,,
Shared Across 2 or More Contexts,603,Sine,Shared - msg and tt,,,
Shared Across 2 or More Contexts,607,Upsweep,Shared - msg and tt,,,
Shared Across 2 or More Contexts,622,Convex,Shared - msg and tt,,,
Shared Across 2 or More Contexts,630,Upsweep,Shared - msg and tt,,,
Shared Across 2 or More Contexts,639,Concave,Shared - msg and tt,,,
Shared Across 2 or More Contexts,640,Upsweep,Shared - msg and tt,,,
Shared Across 2 or More Contexts,641,Convex,Shared - msg and tt,,,
Shared Across 2 or More Contexts,645,Upsweep,Shared - msg and tt,,,
Shared Across 2 or More Contexts,653,Upsweep,Shared - msg and tt,,,
Shared Across 2 or More Contexts,655,Convex,Shared - msg and tt,,,
Shared Across 2 or More Contexts,664,Downsweep,Shared - msg and tt,,,
Shared Across 2 or More Contexts,675,Downsweep,Shared - msg and tt,,,
Shared Across 2 or More Contexts,676,Sine,Shared - msg and tt,,,
Shared Across 2 or More Contexts,677,Upsweep,Shared - msg and tt,,,
Shared Across 2 or More Contexts,678,Upsweep,Shared - msg and tt,,,
Shared Across 2 or More Contexts,698,Concave,Shared - msg and tt,,,
Shared Across 2 or More Contexts,705,Sine,Shared - msg and tt,,,
Shared Across 2 or More Contexts,714,Upsweep,Shared - msg and tt,,,
Shared Across 2 or More Contexts,734,Concave,Shared - msg and tt,,,
Shared Across 2 or More Contexts,753,Downsweep,Shared - msg and tt,,,
Shared Across 2 or More Contexts,757,Constant,Shared - msg and tt,,,
Shared Across 2 or More Contexts,763,Concave,Shared - msg and tt,,,
Shared Across 2 or More Contexts,795,Convex,Shared - msg and tt,,,
Shared Across 2 or More Contexts,817,Concave,Shared - msg and tt,,,
Shared Across 2 or More Contexts,834,Upsweep,Shared - msg and tt,,,
Shared Across 2 or More Contexts,839,Upsweep,Shared - msg and tt,,,
Shared Across 2 or More Contexts,879,Sine,Shared - msg and tt,,,
Shared Across 2 or More Contexts,888,Sine,Shared - msg and tt,,,
Shared Across 2 or More Contexts,889,Upsweep,Shared - msg and tt,,,
Shared Across 2 or More Contexts,896,Upsweep,Shared - msg and tt,,,
Shared Across 2 or More Contexts,900,Upsweep,Shared - msg and tt,,,
Shared Across 2 or More Contexts,903,Upsweep,Shared - msg and tt,,,
Shared Across 2 or More Contexts,909,Upsweep,Shared - msg and tt,,,
Shared Across 2 or More Contexts,910,Upsweep,Shared - msg and tt,,,
Shared Across 2 or More Contexts,932,Upsweep,Shared - msg and tt,,,
Shared Across 2 or More Contexts,943,Upsweep,Shared - msg and tt,,,
Shared Across 2 or More Contexts,945,Upsweep,Shared - msg and tt,,,
Shared Across 2 or More Contexts,960,Sine,Shared - msg and tt,,,
Shared Across 2 or More Contexts,965,Downsweep,Shared - msg and tt,,,
Shared Across 2 or More Contexts,970,Upsweep,Shared - msg and tt,,,
Shared Across 2 or More Contexts,981,Upsweep,Shared - msg and tt,,,
Shared Across 2 or More Contexts,982,Concave,Shared - msg and tt,,,
Shared Across 2 or More Contexts,988,Upsweep,Shared - msg and tt,,,
Shared Across 2 or More Contexts,995,Upsweep,Shared - msg and tt,,,
Shared Across 2 or More Contexts,1013,Upsweep,Shared - msg and tt,,,
Shared Across 2 or More Contexts,1014,Upsweep,Shared - msg and tt,,,
Shared Across 2 or More Contexts,1035,Upsweep,Shared - msg and tt,,,
Shared Across 2 or More Contexts,1036,Upsweep,Shared - msg and tt,,,
Shared Across 2 or More Contexts,1059,Concave,Shared - msg and tt,,,
Shared Across 2 or More Contexts,1065,Sine,Shared - msg and tt,,,
Shared Across 2 or More Contexts,1072,Concave,Shared - msg and tt,,,
Shared Across 2 or More Contexts,1079,Upsweep,Shared - msg and tt,,,
Shared Across 2 or More Contexts,1095,Upsweep,Shared - msg and tt,,,
Shared Across 2 or More Contexts,1097,Upsweep,Shared - msg and tt,,,
Shared Across 2 or More Contexts,1107,Upsweep,Shared - msg and tt,,,
Shared Across 2 or More Contexts,1126,Upsweep,Shared - msg and tt,,,
Shared Across 2 or More Contexts,1130,Upsweep,Shared - msg and tt,,,
Shared Across 2 or More Contexts,1139,Upsweep,Shared - msg and tt,,,
Shared Across 2 or More Contexts,1144,Upsweep,Shared - msg and tt,,,
Shared Across 2 or More Contexts,1149,Upsweep,Shared - msg and tt,,,
Shared Across 2 or More Contexts,1165,Upsweep,Shared - msg and tt,,,
Shared Across 2 or More Contexts,1170,Upsweep,Shared - msg and tt,,,
Shared Across 2 or More Contexts,1173,Upsweep,Shared - msg and tt,,,
Shared Across 2 or More Contexts,1182,Upsweep,Shared - msg and tt,,,
Shared Across 2 or More Contexts,1191,Concave,Shared - msg and tt,,,
Shared Across 2 or More Contexts,1193,Upsweep,Shared - msg and tt,,,
Shared Across 2 or More Contexts,1199,Upsweep,Shared - msg and tt,,,
Shared Across 2 or More Contexts,1201,Sine,Shared - msg and tt,,,
Shared Across 2 or More Contexts,1214,Upsweep,Shared - msg and tt,,,
Shared Across 2 or More Contexts,1215,Sine,Shared - msg and tt,,,
Shared Across 2 or More Contexts,1217,Upsweep,Shared - msg and tt,,,
Shared Across 2 or More Contexts,1226,Upsweep,Shared - msg and tt,,,
Shared Across 2 or More Contexts,1231,Upsweep,Shared - msg and tt,,,
Shared Across 2 or More Contexts,1234,Upsweep,Shared - msg and tt,,,
Shared Across 2 or More Contexts,1240,Upsweep,Shared - msg and tt,,,
Shared Across 2 or More Contexts,1256,Upsweep,Shared - msg and tt,,,
Shared Across 2 or More Contexts,1296,Upsweep,Shared - msg and tt,,,
Shared Across 2 or More Contexts,1304,Upsweep,Shared - msg and tt,,,
Shared Across 2 or More Contexts,1311,Upsweep,Shared - msg and tt,,,
Shared Across 2 or More Contexts,1316,Upsweep,Shared - msg and tt,,,
Shared Across 2 or More Contexts,1322,Upsweep,Shared - msg and tt,,,
Shared Across 2 or More Contexts,1333,Upsweep,Shared - msg and tt,,,
Shared Across 2 or More Contexts,1351,Upsweep,Shared - msg and tt,,,
Shared Across 2 or More Contexts,1361,Upsweep,Shared - msg and tt,,,
Shared Across 2 or More Contexts,1366,Upsweep,Shared - msg and tt,,,
Shared Across 2 or More Contexts,1422,Upsweep,Shared - msg and tt,,,
Shared Across 2 or More Contexts,1438,Upsweep,Shared - msg and tt,,,
Shared Across 2 or More Contexts,1462,Upsweep,Shared - msg and tt,,,
Shared Across 2 or More Contexts,1528,Upsweep,Shared - msg and tt,,,
Shared Across 2 or More Contexts,1534,Upsweep,Shared - msg and tt,,,
Shared Across 2 or More Contexts,1538,Upsweep,Shared - msg and tt,,,
Shared Across 2 or More Contexts,1573,Upsweep,Shared - msg and tt,,,
Shared Across 2 or More Contexts,1676,Upsweep,Shared - msg and tt,,,
Shared Across 2 or More Contexts,1682,Upsweep,Shared - msg and tt,,,
Shared Across 2 or More Contexts,1692,Upsweep,Shared - msg and tt,,,
Shared Across 2 or More Contexts,1730,Upsweep,Shared - msg and tt,,,
Shared Across 2 or More Contexts,1764,Upsweep,Shared - msg and tt,,,
Shared Across 2 or More Contexts,1766,Upsweep,Shared - msg and tt,,,
Shared Across 2 or More Contexts,1812,Upsweep,Shared - msg and tt,,,
Shared Across 2 or More Contexts,1852,Upsweep,Shared - msg and tt,,,
Shared Across 2 or More Contexts,1898,Upsweep,Shared - msg and tt,,,
Shared Across 2 or More Contexts,1935,Upsweep,Shared - msg and tt,,,
Shared Across 2 or More Contexts,1938,Upsweep,Shared - msg and tt,,,
Shared Across 2 or More Contexts,36,Convex,Shared - sg and tt,,,
Shared Across 2 or More Contexts,41,Upsweep,Shared - sg and tt,,,
Shared Across 2 or More Contexts,74,Upsweep,Shared - sg and tt,,,
Shared Across 2 or More Contexts,107,Upsweep,Shared - sg and tt,,,
Shared Across 2 or More Contexts,111,Constant,Shared - sg and tt,,,
Shared Across 2 or More Contexts,124,Constant,Shared - sg and tt,,,
Shared Across 2 or More Contexts,126,Downsweep,Shared - sg and tt,,,
Shared Across 2 or More Contexts,148,Upsweep,Shared - sg and tt,,,
Shared Across 2 or More Contexts,157,Constant,Shared - sg and tt,,,
Shared Across 2 or More Contexts,173,Upsweep,Shared - sg and tt,,,
Shared Across 2 or More Contexts,189,Upsweep,Shared - sg and tt,,,
Shared Across 2 or More Contexts,215,Downsweep,Shared - sg and tt,,,
Shared Across 2 or More Contexts,269,Concave,Shared - sg and tt,,,
Shared Across 2 or More Contexts,283,Convex,Shared - sg and tt,,,
Shared Across 2 or More Contexts,308,Sine,Shared - sg and tt,,,
Shared Across 2 or More Contexts,373,Upsweep,Shared - sg and tt,,,
Shared Across 2 or More Contexts,404,Convex,Shared - sg and tt,,,
Shared Across 2 or More Contexts,426,Upsweep,Shared - sg and tt,,,
Shared Across 2 or More Contexts,511,Convex,Shared - sg and tt,,,
Shared Across 2 or More Contexts,523,Sine,Shared - sg and tt,,,
Shared Across 2 or More Contexts,584,Downsweep,Shared - sg and tt,,,
Shared Across 2 or More Contexts,623,Upsweep,Shared - sg and tt,,,
Shared Across 2 or More Contexts,673,Upsweep,Shared - sg and tt,,,
Shared Across 2 or More Contexts,694,Upsweep,Shared - sg and tt,,,
Shared Across 2 or More Contexts,746,Convex,Shared - sg and tt,,,
Shared Across 2 or More Contexts,799,Concave,Shared - sg and tt,,,
Shared Across 2 or More Contexts,836,Concave,Shared - sg and tt,,,
Shared Across 2 or More Contexts,871,Convex,Shared - sg and tt,,,
Shared Across 2 or More Contexts,895,Sine,Shared - sg and tt,,,
Shared Across 2 or More Contexts,923,Upsweep,Shared - sg and tt,,,
Shared Across 2 or More Contexts,928,Upsweep,Shared - sg and tt,,,
Shared Across 2 or More Contexts,966,Upsweep,Shared - sg and tt,,,
Shared Across 2 or More Contexts,987,Sine,Shared - sg and tt,,,
Shared Across 2 or More Contexts,993,Convex,Shared - sg and tt,,,
Shared Across 2 or More Contexts,1005,Upsweep,Shared - sg and tt,,,
Shared Across 2 or More Contexts,1034,Upsweep,Shared - sg and tt,,,
Shared Across 2 or More Contexts,1081,Upsweep,Shared - sg and tt,,,
Shared Across 2 or More Contexts,1102,Upsweep,Shared - sg and tt,,,
Shared Across 2 or More Contexts,1128,Sine,Shared - sg and tt,,,
Shared Across 2 or More Contexts,1138,Concave,Shared - sg and tt,,,
Shared Across 2 or More Contexts,1159,Upsweep,Shared - sg and tt,,,
Shared Across 2 or More Contexts,1175,Sine,Shared - sg and tt,,,
Shared Across 2 or More Contexts,1204,Upsweep,Shared - sg and tt,,,
Shared Across 2 or More Contexts,1455,Upsweep,Shared - sg and tt,,,
Shared Across 2 or More Contexts,1608,Upsweep,Shared - sg and tt,,,
Shared Across 2 or More Contexts,1687,Upsweep,Shared - sg and tt,,,
Shared Across 2 or More Contexts,1820,Upsweep,Shared - sg and tt,,,
Shared Across 2 or More Contexts,1857,Downsweep,Shared - sg and tt,,,
Shared Across 2 or More Contexts,1861,Upsweep,Shared - sg and tt,,,
Shared Across 2 or More Contexts,1893,Upsweep,Shared - sg and tt,,,
Shared Across 2 or More Contexts,1939,Upsweep,Shared - sg and tt,,,
Bottlenose Dolphin Single Species Group (Exclusive),35,Upsweep,tt,,,
Bottlenose Dolphin Single Species Group (Exclusive),48,Concave,tt,,,
Bottlenose Dolphin Single Species Group (Exclusive),76,Upsweep,tt,,,
Bottlenose Dolphin Single Species Group (Exclusive),95,Sine,tt,,,
Bottlenose Dolphin Single Species Group (Exclusive),113,Sine,tt,,,
Bottlenose Dolphin Single Species Group (Exclusive),125,Sine,tt,,,
Bottlenose Dolphin Single Species Group (Exclusive),139,Sine,tt,,,
Bottlenose Dolphin Single Species Group (Exclusive),164,Sine,tt,,,
Bottlenose Dolphin Single Species Group (Exclusive),183,Convex,tt,,,
Bottlenose Dolphin Single Species Group (Exclusive),206,Sine,tt,,,
Bottlenose Dolphin Single Species Group (Exclusive),210,Sine,tt,,,
Bottlenose Dolphin Single Species Group (Exclusive),212,Sine,tt,,,
Bottlenose Dolphin Single Species Group (Exclusive),214,Sine,tt,,,
Bottlenose Dolphin Single Species Group (Exclusive),220,Sine,tt,,,
Bottlenose Dolphin Single Species Group (Exclusive),237,Convex,tt,,,
Bottlenose Dolphin Single Species Group (Exclusive),257,Downsweep,tt,,,
Bottlenose Dolphin Single Species Group (Exclusive),261,Sine,tt,,,
Bottlenose Dolphin Single Species Group (Exclusive),268,Sine,tt,,,
Bottlenose Dolphin Single Species Group (Exclusive),274,Sine,tt,,,
Bottlenose Dolphin Single Species Group (Exclusive),276,Upsweep,tt,,,
Bottlenose Dolphin Single Species Group (Exclusive),278,Upsweep,tt,,,
Bottlenose Dolphin Single Species Group (Exclusive),314,Sine,tt,,,
Bottlenose Dolphin Single Species Group (Exclusive),319,Convex,tt,,,
Bottlenose Dolphin Single Species Group (Exclusive),331,Sine,tt,,,
Bottlenose Dolphin Single Species Group (Exclusive),332,Sine,tt,,,
Bottlenose Dolphin Single Species Group (Exclusive),344,Sine,tt,,,
Bottlenose Dolphin Single Species Group (Exclusive),352,Sine,tt,,,
Bottlenose Dolphin Single Species Group (Exclusive),355,Upsweep,tt,,,
Bottlenose Dolphin Single Species Group (Exclusive),356,Sine,tt,,,
Bottlenose Dolphin Single Species Group (Exclusive),358,Downsweep,tt,,,
Bottlenose Dolphin Single Species Group (Exclusive),367,Convex,tt,,,
Bottlenose Dolphin Single Species Group (Exclusive),372,Downsweep,tt,,,
Bottlenose Dolphin Single Species Group (Exclusive),382,Upsweep,tt,,,
Bottlenose Dolphin Single Species Group (Exclusive),388,Sine,tt,,,
Bottlenose Dolphin Single Species Group (Exclusive),393,Upsweep,tt,,,
Bottlenose Dolphin Single Species Group (Exclusive),396,Sine,tt,,,
Bottlenose Dolphin Single Species Group (Exclusive),398,Sine,tt,,,
Bottlenose Dolphin Single Species Group (Exclusive),410,Sine,tt,,,
Bottlenose Dolphin Single Species Group (Exclusive),413,Sine,tt,,,
Bottlenose Dolphin Single Species Group (Exclusive),425,Sine,tt,,,
Bottlenose Dolphin Single Species Group (Exclusive),429,Sine,tt,,,
Bottlenose Dolphin Single Species Group (Exclusive),432,Sine,tt,,,
Bottlenose Dolphin Single Species Group (Exclusive),434,Convex,tt,,,
Bottlenose Dolphin Single Species Group (Exclusive),439,Convex,tt,,,
Bottlenose Dolphin Single Species Group (Exclusive),449,Concave,tt,,,
Bottlenose Dolphin Single Species Group (Exclusive),452,Sine,tt,,,
Bottlenose Dolphin Single Species Group (Exclusive),464,Sine,tt,,,
Bottlenose Dolphin Single Species Group (Exclusive),465,Sine,tt,,,
Bottlenose Dolphin Single Species Group (Exclusive),473,Sine,tt,,,
Bottlenose Dolphin Single Species Group (Exclusive),486,Downsweep,tt,,,
Bottlenose Dolphin Single Species Group (Exclusive),491,Sine,tt,,,
Bottlenose Dolphin Single Species Group (Exclusive),494,Sine,tt,,,
Bottlenose Dolphin Single Species Group (Exclusive),499,Sine,tt,,,
Bottlenose Dolphin Single Species Group (Exclusive),502,Sine,tt,,,
Bottlenose Dolphin Single Species Group (Exclusive),503,Sine,tt,,,
Bottlenose Dolphin Single Species Group (Exclusive),513,Upsweep,tt,,,
Bottlenose Dolphin Single Species Group (Exclusive),516,Downsweep,tt,,,
Bottlenose Dolphin Single Species Group (Exclusive),538,Concave,tt,,,
Bottlenose Dolphin Single Species Group (Exclusive),546,Downsweep,tt,,,
Bottlenose Dolphin Single Species Group (Exclusive),556,Downsweep,tt,,,
Bottlenose Dolphin Single Species Group (Exclusive),564,Sine,tt,,,
Bottlenose Dolphin Single Species Group (Exclusive),576,Sine,tt,,,
Bottlenose Dolphin Single Species Group (Exclusive),579,Sine,tt,,,
Bottlenose Dolphin Single Species Group (Exclusive),588,Sine,tt,,,
Bottlenose Dolphin Single Species Group (Exclusive),594,Sine,tt,,,
Bottlenose Dolphin Single Species Group (Exclusive),595,Sine,tt,,,
Bottlenose Dolphin Single Species Group (Exclusive),598,Sine,tt,,,
Bottlenose Dolphin Single Species Group (Exclusive),599,Sine,tt,,,
Bottlenose Dolphin Single Species Group (Exclusive),605,Sine,tt,,,
Bottlenose Dolphin Single Species Group (Exclusive),610,Downsweep,tt,,,
Bottlenose Dolphin Single Species Group (Exclusive),624,Sine,tt,,,
Bottlenose Dolphin Single Species Group (Exclusive),627,Downsweep,tt,,,
Bottlenose Dolphin Single Species Group (Exclusive),628,Sine,tt,,,
Bottlenose Dolphin Single Species Group (Exclusive),631,Sine,tt,,,
Bottlenose Dolphin Single Species Group (Exclusive),635,Convex,tt,,,
Bottlenose Dolphin Single Species Group (Exclusive),643,Sine,tt,,,
Bottlenose Dolphin Single Species Group (Exclusive),652,Sine,tt,,,
Bottlenose Dolphin Single Species Group (Exclusive),658,Sine,tt,,,
Bottlenose Dolphin Single Species Group (Exclusive),662,Sine,tt,,,
Bottlenose Dolphin Single Species Group (Exclusive),666,Sine,tt,,,
Bottlenose Dolphin Single Species Group (Exclusive),667,Sine,tt,,,
Bottlenose Dolphin Single Species Group (Exclusive),668,Sine,tt,,,
Bottlenose Dolphin Single Species Group (Exclusive),669,Downsweep,tt,,,
Bottlenose Dolphin Single Species Group (Exclusive),684,Sine,tt,,,
Bottlenose Dolphin Single Species Group (Exclusive),689,Sine,tt,,,
Bottlenose Dolphin Single Species Group (Exclusive),693,Sine,tt,,,
Bottlenose Dolphin Single Species Group (Exclusive),697,Upsweep,tt,,,
Bottlenose Dolphin Single Species Group (Exclusive),699,Sine,tt,,,
Bottlenose Dolphin Single Species Group (Exclusive),700,Sine,tt,,,
Bottlenose Dolphin Single Species Group (Exclusive),703,Sine,tt,,,
Bottlenose Dolphin Single Species Group (Exclusive),706,Sine,tt,,,
Bottlenose Dolphin Single Species Group (Exclusive),707,Sine,tt,,,
Bottlenose Dolphin Single Species Group (Exclusive),708,Sine,tt,,,
Bottlenose Dolphin Single Species Group (Exclusive),712,Convex,tt,,,
Bottlenose Dolphin Single Species Group (Exclusive),719,Sine,tt,,,
Bottlenose Dolphin Single Species Group (Exclusive),720,Downsweep,tt,,,
Bottlenose Dolphin Single Species Group (Exclusive),721,Sine,tt,,,
Bottlenose Dolphin Single Species Group (Exclusive),723,Sine,tt,,,
Bottlenose Dolphin Single Species Group (Exclusive),747,Sine,tt,,,
Bottlenose Dolphin Single Species Group (Exclusive),765,Sine,tt,,,
Bottlenose Dolphin Single Species Group (Exclusive),772,Sine,tt,,,
Bottlenose Dolphin Single Species Group (Exclusive),773,Sine,tt,,,
Bottlenose Dolphin Single Species Group (Exclusive),782,Sine,tt,,,
Bottlenose Dolphin Single Species Group (Exclusive),788,Downsweep,tt,,,
Bottlenose Dolphin Single Species Group (Exclusive),789,Sine,tt,,,
Bottlenose Dolphin Single Species Group (Exclusive),796,Sine,tt,,,
Bottlenose Dolphin Single Species Group (Exclusive),797,Upsweep,tt,,,
Bottlenose Dolphin Single Species Group (Exclusive),798,Downsweep,tt,,,
Bottlenose Dolphin Single Species Group (Exclusive),801,Convex,tt,,,
Bottlenose Dolphin Single Species Group (Exclusive),804,Constant,tt,,,
Bottlenose Dolphin Single Species Group (Exclusive),805,Sine,tt,,,
Bottlenose Dolphin Single Species Group (Exclusive),806,Convex,tt,,,
Bottlenose Dolphin Single Species Group (Exclusive),807,Sine,tt,,,
Bottlenose Dolphin Single Species Group (Exclusive),814,Sine,tt,,,
Bottlenose Dolphin Single Species Group (Exclusive),819,Upsweep,tt,,,
Bottlenose Dolphin Single Species Group (Exclusive),822,Downsweep,tt,,,
Bottlenose Dolphin Single Species Group (Exclusive),826,Sine,tt,,,
Bottlenose Dolphin Single Species Group (Exclusive),829,Sine,tt,,,
Bottlenose Dolphin Single Species Group (Exclusive),830,Convex,tt,,,
Bottlenose Dolphin Single Species Group (Exclusive),831,Sine,tt,,,
Bottlenose Dolphin Single Species Group (Exclusive),833,Sine,tt,,,
Bottlenose Dolphin Single Species Group (Exclusive),835,Sine,tt,,,
Bottlenose Dolphin Single Species Group (Exclusive),838,Concave,tt,,,
Bottlenose Dolphin Single Species Group (Exclusive),842,Sine,tt,,,
Bottlenose Dolphin Single Species Group (Exclusive),857,Sine,tt,,,
Bottlenose Dolphin Single Species Group (Exclusive),863,Sine,tt,,,
Bottlenose Dolphin Single Species Group (Exclusive),876,Sine,tt,,,
Bottlenose Dolphin Single Species Group (Exclusive),877,Sine,tt,,,
Bottlenose Dolphin Single Species Group (Exclusive),913,Upsweep,tt,,,
Bottlenose Dolphin Single Species Group (Exclusive),921,Convex,tt,,,
Bottlenose Dolphin Single Species Group (Exclusive),934,Concave,tt,,,
Bottlenose Dolphin Single Species Group (Exclusive),940,Upsweep,tt,,,
Bottlenose Dolphin Single Species Group (Exclusive),978,Downsweep,tt,,,
Bottlenose Dolphin Single Species Group (Exclusive),1002,Upsweep,tt,,,
Bottlenose Dolphin Single Species Group (Exclusive),1011,Upsweep,tt,,,
Bottlenose Dolphin Single Species Group (Exclusive),1026,Upsweep,tt,,,
Bottlenose Dolphin Single Species Group (Exclusive),1033,Upsweep,tt,,,
Bottlenose Dolphin Single Species Group (Exclusive),1085,Upsweep,tt,,,
Bottlenose Dolphin Single Species Group (Exclusive),1156,Upsweep,tt,,,
Bottlenose Dolphin Single Species Group (Exclusive),1320,Upsweep,tt,,,
Bottlenose Dolphin Single Species Group (Exclusive),1427,Upsweep,tt,,,
Bottlenose Dolphin Single Species Group (Exclusive),1453,Convex,tt,,,
Bottlenose Dolphin Single Species Group (Exclusive),1471,Convex,tt,,,
Bottlenose Dolphin Single Species Group (Exclusive),1518,Upsweep,tt,,,
Bottlenose Dolphin Single Species Group (Exclusive),1795,Upsweep,tt,,,
Bottlenose Dolphin Single Species Group (Exclusive),1840,Upsweep,tt,,,